[
  {
    "constructorId": 1,
    "constructorRef": "mclaren",
    "name": "McLaren",
    "nationality": "British",
    "url": "http://en.wikipedia.org/wiki/McLaren"
  },
  {
    "constructorId": 2,
    "constructorRef": "bmw_sauber",
    "name": "BMW Sauber",
    "nationality": "German",
    "url": "http://en.wikipedia.org/wiki/BMW_Sauber"
  },
  {
    "constructorId": 3,
    "constructorRef": "williams",
    "name": "Williams",
    "nationality": "British",
    "url": "http://en.wikipedia.org/wiki/Williams_Grand_Prix_Engineering"
  },
  {
    "constructorId": 4,
    "constructorRef": "renault",
    "name": "Renault",
    "nationality": "French",
    "url": "http://en.wikipedia.org/wiki/Renault_in_Formula_One"
  },
  {
    "constructorId": 5,
    "constructorRef": "toro_rosso",
    "name": "Toro Rosso",
    "nationality": "Italian",
    "url": "http://en.wikipedia.org/wiki/Scuderia_Toro_Rosso"
  },
  {
    "constructorId": 6,
    "constructorRef": "ferrari",
    "name": "Ferrari",
    "nationality": "Italian",
    "url": "http://en.wikipedia.org/wiki/Scuderia_Ferrari"
  },
  {
    "constructorId": 7,
    "constructorRef": "toyota",
    "name": "Toyota",
    "nationality": "Japanese",
    "url": "http://en.wikipedia.org/wiki/Toyota_Racing"
  },
  {
    "constructorId": 8,
    "constructorRef": "super_aguri",
    "name": "Super Aguri",
    "nationality": "Japanese",
    "url": "http://en.wikipedia.org/wiki/Super_Aguri_F1"
  },
  {
    "constructorId": 9,
    "constructorRef": "red_bull",
    "name": "Red Bull",
    "nationality": "Austrian",
    "url": "http://en.wikipedia.org/wiki/Red_Bull_Racing"
  },
  {
    "constructorId": 10,
    "constructorRef": "force_india",
    "name": "Force India",
    "nationality": "Indian",
    "url": "http://en.wikipedia.org/wiki/Racing_Point_Force_India"
  },
  {
    "constructorId": 11,
    "constructorRef": "honda",
    "name": "Honda",
    "nationality": "Japanese",
    "url": "http://en.wikipedia.org/wiki/Honda_Racing_F1"
  },
  {
    "constructorId": 12,
    "constructorRef": "spyker",
    "name": "Spyker",
    "nationality": "Dutch",
    "url": "http://en.wikipedia.org/wiki/Spyker_F1"
  },
  {
    "constructorId": 13,
    "constructorRef": "mf1",
    "name": "MF1",
    "nationality": "Russian",
    "url": "http://en.wikipedia.org/wiki/Midland_F1_Racing"
  },
  {
    "constructorId": 14,
    "constructorRef": "spyker_mf1",
    "name": "Spyker MF1",
    "nationality": "Dutch",
    "url": "http://en.wikipedia.org/wiki/Midland_F1_Racing"
  },
  {
    "constructorId": 15,
    "constructorRef": "sauber",
    "name": "Sauber",
    "nationality": "Swiss",
    "url": "http://en.wikipedia.org/wiki/Sauber_Motorsport"
  },
  {
    "constructorId": 16,
    "constructorRef": "bar",
    "name": "BAR",
    "nationality": "British",
    "url": "http://en.wikipedia.org/wiki/British_American_Racing"
  },
  {
    "constructorId": 17,
    "constructorRef": "jordan",
    "name": "Jordan",
    "nationality": "Irish",
    "url": "http://en.wikipedia.org/wiki/Jordan_Grand_Prix"
  },
  {
    "constructorId": 18,
    "constructorRef": "minardi",
    "name": "Minardi",
    "nationality": "Italian",
    "url": "http://en.wikipedia.org/wiki/Minardi"
  },
  {
    "constructorId": 19,
    "constructorRef": "jaguar",
    "name": "Jaguar",
    "nationality": "British",
    "url": "http://en.wikipedia.org/wiki/Jaguar_Racing"
  },
  {
    "constructorId": 20,
    "constructorRef": "prost",
    "name": "Prost",
    "nationality": "French",
    "url": "http://en.wikipedia.org/wiki/Prost_Grand_Prix"
  },
  {
    "constructorId": 21,
    "constructorRef": "arrows",
    "name": "Arrows",
    "nationality": "British",
    "url": "http://en.wikipedia.org/wiki/Arrows_Grand_Prix_International"
  },
  {
    "constructorId": 22,
    "constructorRef": "benetton",
    "name": "Benetton",
    "nationality": "Italian",
    "url": "http://en.wikipedia.org/wiki/Benetton_Formula"
  },
  {
    "constructorId": 23,
    "constructorRef": "brawn",
    "name": "Brawn",
    "nationality": "British",
    "url": "http://en.wikipedia.org/wiki/Brawn_GP"
  },
  {
    "constructorId": 24,
    "constructorRef": "stewart",
    "name": "Stewart",
    "nationality": "British",
    "url": "http://en.wikipedia.org/wiki/Stewart_Grand_Prix"
  },
  {
    "constructorId": 25,
    "constructorRef": "tyrrell",
    "name": "Tyrrell",
    "nationality": "British",
    "url": "http://en.wikipedia.org/wiki/Tyrrell_Racing"
  },
  {
    "constructorId": 26,
    "constructorRef": "lola",
    "name": "Lola",
    "nationality": "British",
    "url": "http://en.wikipedia.org/wiki/MasterCard_Lola"
  },
  {
    "constructorId": 27,
    "constructorRef": "ligier",
    "name": "Ligier",
    "nationality": "French",
    "url": "http://en.wikipedia.org/wiki/Ligier"
  },
  {
    "constructorId": 28,
    "constructorRef": "forti",
    "name": "Forti",
    "nationality": "Italian",
    "url": "http://en.wikipedia.org/wiki/Forti"
  },
  {
    "constructorId": 29,
    "constructorRef": "footwork",
    "name": "Footwork",
    "nationality": "British",
    "url": "http://en.wikipedia.org/wiki/Footwork_Arrows"
  },
  {
    "constructorId": 30,
    "constructorRef": "pacific",
    "name": "Pacific",
    "nationality": "British",
    "url": "http://en.wikipedia.org/wiki/Pacific_Racing"
  },
  {
    "constructorId": 31,
    "constructorRef": "simtek",
    "name": "Simtek",
    "nationality": "British",
    "url": "http://en.wikipedia.org/wiki/Simtek"
  },
  {
    "constructorId": 32,
    "constructorRef": "team_lotus",
    "name": "Team Lotus",
    "nationality": "British",
    "url": "http://en.wikipedia.org/wiki/Team_Lotus"
  },
  {
    "constructorId": 33,
    "constructorRef": "larrousse",
    "name": "Larrousse",
    "nationality": "French",
    "url": "http://en.wikipedia.org/wiki/Larrousse"
  },
  {
    "constructorId": 34,
    "constructorRef": "brabham",
    "name": "Brabham",
    "nationality": "British",
    "url": "http://en.wikipedia.org/wiki/Brabham"
  },
  {
    "constructorId": 35,
    "constructorRef": "dallara",
    "name": "Dallara",
    "nationality": "Italian",
    "url": "http://en.wikipedia.org/wiki/Dallara"
  },
  {
    "constructorId": 36,
    "constructorRef": "fondmetal",
    "name": "Fondmetal",
    "nationality": "Italian",
    "url": "http://en.wikipedia.org/wiki/Fondmetal"
  },
  {
    "constructorId": 37,
    "constructorRef": "march",
    "name": "March",
    "nationality": "British",
    "url": "http://en.wikipedia.org/wiki/March_Engineering"
  },
  {
    "constructorId": 38,
    "constructorRef": "moda",
    "name": "Andrea Moda",
    "nationality": "Italian",
    "url": "http://en.wikipedia.org/wiki/Andrea_Moda_Formula"
  },
  {
    "constructorId": 39,
    "constructorRef": "ags",
    "name": "AGS",
    "nationality": "French",
    "url": "http://en.wikipedia.org/wiki/Automobiles_Gonfaronnaises_Sportives"
  },
  {
    "constructorId": 40,
    "constructorRef": "lambo",
    "name": "Lambo",
    "nationality": "Italian",
    "url": "http://en.wikipedia.org/wiki/Modena_(racing_team)"
  },
  {
    "constructorId": 41,
    "constructorRef": "leyton",
    "name": "Leyton House",
    "nationality": "British",
    "url": "http://en.wikipedia.org/wiki/Leyton_House"
  },
  {
    "constructorId": 42,
    "constructorRef": "coloni",
    "name": "Coloni",
    "nationality": "Italian",
    "url": "http://en.wikipedia.org/wiki/Enzo_Coloni_Racing_Car_Systems"
  },
  {
    "constructorId": 44,
    "constructorRef": "eurobrun",
    "name": "Euro Brun",
    "nationality": "Italian",
    "url": "http://en.wikipedia.org/wiki/Euro_Brun"
  },
  {
    "constructorId": 45,
    "constructorRef": "osella",
    "name": "Osella",
    "nationality": "Italian",
    "url": "http://en.wikipedia.org/wiki/Osella"
  },
  {
    "constructorId": 46,
    "constructorRef": "onyx",
    "name": "Onyx",
    "nationality": "British",
    "url": "http://en.wikipedia.org/wiki/Onyx_(racing_team)"
  },
  {
    "constructorId": 47,
    "constructorRef": "life",
    "name": "Life",
    "nationality": "Italian",
    "url": "http://en.wikipedia.org/wiki/Life_(Racing_Team)"
  },
  {
    "constructorId": 48,
    "constructorRef": "rial",
    "name": "Rial",
    "nationality": "German",
    "url": "http://en.wikipedia.org/wiki/Rial_%28racing_team%29"
  },
  {
    "constructorId": 49,
    "constructorRef": "zakspeed",
    "name": "Zakspeed",
    "nationality": "German",
    "url": "http://en.wikipedia.org/wiki/Zakspeed"
  },
  {
    "constructorId": 50,
    "constructorRef": "ram",
    "name": "RAM",
    "nationality": "British",
    "url": "http://en.wikipedia.org/wiki/RAM_Racing"
  },
  {
    "constructorId": 51,
    "constructorRef": "alfa",
    "name": "Alfa Romeo",
    "nationality": "Swiss",
    "url": "http://en.wikipedia.org/wiki/Alfa_Romeo_in_Formula_One"
  },
  {
    "constructorId": 52,
    "constructorRef": "spirit",
    "name": "Spirit",
    "nationality": "British",
    "url": "http://en.wikipedia.org/wiki/Spirit_(racing_team)"
  },
  {
    "constructorId": 53,
    "constructorRef": "toleman",
    "name": "Toleman",
    "nationality": "British",
    "url": "http://en.wikipedia.org/wiki/Toleman"
  },
  {
    "constructorId": 54,
    "constructorRef": "ats",
    "name": "ATS",
    "nationality": "Italian",
    "url": "http://en.wikipedia.org/wiki/ATS_(wheels)"
  },
  {
    "constructorId": 55,
    "constructorRef": "theodore",
    "name": "Theodore",
    "nationality": "Hong Kong",
    "url": "http://en.wikipedia.org/wiki/Theodore_Racing"
  },
  {
    "constructorId": 56,
    "constructorRef": "fittipaldi",
    "name": "Fittipaldi",
    "nationality": "Brazilian",
    "url": "http://en.wikipedia.org/wiki/Fittipaldi_%28constructor%29"
  },
  {
    "constructorId": 57,
    "constructorRef": "ensign",
    "name": "Ensign",
    "nationality": "British",
    "url": "http://en.wikipedia.org/wiki/Ensign_%28racing_team%29"
  },
  {
    "constructorId": 58,
    "constructorRef": "shadow",
    "name": "Shadow",
    "nationality": "British",
    "url": "http://en.wikipedia.org/wiki/Shadow_Racing_Cars"
  },
  {
    "constructorId": 59,
    "constructorRef": "wolf",
    "name": "Wolf",
    "nationality": "Canadian",
    "url": "http://en.wikipedia.org/wiki/Walter_Wolf_Racing"
  },
  {
    "constructorId": 60,
    "constructorRef": "merzario",
    "name": "Merzario",
    "nationality": "Italian",
    "url": "http://en.wikipedia.org/wiki/Merzario"
  },
  {
    "constructorId": 61,
    "constructorRef": "kauhsen",
    "name": "Kauhsen",
    "nationality": "German",
    "url": "http://en.wikipedia.org/wiki/Kauhsen"
  },
  {
    "constructorId": 62,
    "constructorRef": "rebaque",
    "name": "Rebaque",
    "nationality": "Mexican",
    "url": "http://en.wikipedia.org/wiki/Rebaque"
  },
  {
    "constructorId": 63,
    "constructorRef": "surtees",
    "name": "Surtees",
    "nationality": "British",
    "url": "http://en.wikipedia.org/wiki/Surtees"
  },
  {
    "constructorId": 64,
    "constructorRef": "hesketh",
    "name": "Hesketh",
    "nationality": "British",
    "url": "http://en.wikipedia.org/wiki/Hesketh_Racing"
  },
  {
    "constructorId": 65,
    "constructorRef": "martini",
    "name": "Martini",
    "nationality": "French",
    "url": "http://en.wikipedia.org/wiki/Martini_(cars)"
  },
  {
    "constructorId": 66,
    "constructorRef": "brm",
    "name": "BRM",
    "nationality": "British",
    "url": "http://en.wikipedia.org/wiki/BRM"
  },
  {
    "constructorId": 67,
    "constructorRef": "penske",
    "name": "Penske",
    "nationality": "American",
    "url": "http://en.wikipedia.org/wiki/Penske_Racing"
  },
  {
    "constructorId": 68,
    "constructorRef": "lec",
    "name": "LEC",
    "nationality": "British",
    "url": "http://en.wikipedia.org/wiki/LEC_(Formula_One)"
  },
  {
    "constructorId": 69,
    "constructorRef": "mcguire",
    "name": "McGuire",
    "nationality": "Australian",
    "url": "http://en.wikipedia.org/wiki/McGuire_(Formula_One)"
  },
  {
    "constructorId": 70,
    "constructorRef": "boro",
    "name": "Boro",
    "nationality": "Dutch",
    "url": "http://en.wikipedia.org/wiki/Boro_(Formula_One)"
  },
  {
    "constructorId": 71,
    "constructorRef": "apollon",
    "name": "Apollon",
    "nationality": "Swiss",
    "url": "http://en.wikipedia.org/wiki/Apollon_(Formula_One)"
  },
  {
    "constructorId": 72,
    "constructorRef": "kojima",
    "name": "Kojima",
    "nationality": "Japanese",
    "url": "http://en.wikipedia.org/wiki/Kojima_Engineering"
  },
  {
    "constructorId": 73,
    "constructorRef": "parnelli",
    "name": "Parnelli",
    "nationality": "American",
    "url": "http://en.wikipedia.org/wiki/Parnelli"
  },
  {
    "constructorId": 74,
    "constructorRef": "maki",
    "name": "Maki",
    "nationality": "Japanese",
    "url": "http://en.wikipedia.org/wiki/Maki_(cars)"
  },
  {
    "constructorId": 75,
    "constructorRef": "hill",
    "name": "Embassy Hill",
    "nationality": "British",
    "url": "http://en.wikipedia.org/wiki/Hill_(constructor)"
  },
  {
    "constructorId": 76,
    "constructorRef": "lyncar",
    "name": "Lyncar",
    "nationality": "British",
    "url": "http://en.wikipedia.org/wiki/Lyncar"
  },
  {
    "constructorId": 77,
    "constructorRef": "trojan",
    "name": "Trojan",
    "nationality": "British",
    "url": "http://en.wikipedia.org/wiki/Trojan_(Racing_team)"
  },
  {
    "constructorId": 78,
    "constructorRef": "amon",
    "name": "Amon",
    "nationality": "New Zealander",
    "url": "http://en.wikipedia.org/wiki/Amon_(Formula_One_team)"
  },
  {
    "constructorId": 79,
    "constructorRef": "token",
    "name": "Token",
    "nationality": "British",
    "url": "http://en.wikipedia.org/wiki/Token_(Racing_team)"
  },
  {
    "constructorId": 80,
    "constructorRef": "iso_marlboro",
    "name": "Iso Marlboro",
    "nationality": "British",
    "url": "http://en.wikipedia.org/wiki/Iso_Marlboro"
  },
  {
    "constructorId": 81,
    "constructorRef": "tecno",
    "name": "Tecno",
    "nationality": "Italian",
    "url": "http://en.wikipedia.org/wiki/Tecno"
  },
  {
    "constructorId": 82,
    "constructorRef": "matra",
    "name": "Matra",
    "nationality": "French",
    "url": "http://en.wikipedia.org/wiki/Matra"
  },
  {
    "constructorId": 83,
    "constructorRef": "politoys",
    "name": "Politoys",
    "nationality": "British",
    "url": "http://en.wikipedia.org/wiki/Frank_Williams_Racing_Cars"
  },
  {
    "constructorId": 84,
    "constructorRef": "connew",
    "name": "Connew",
    "nationality": "British",
    "url": "http://en.wikipedia.org/wiki/Connew"
  },
  {
    "constructorId": 85,
    "constructorRef": "bellasi",
    "name": "Bellasi",
    "nationality": "Swiss",
    "url": "http://en.wikipedia.org/wiki/Bellasi"
  },
  {
    "constructorId": 86,
    "constructorRef": "tomaso",
    "name": "De Tomaso",
    "nationality": "Italian",
    "url": "http://en.wikipedia.org/wiki/De_Tomaso"
  },
  {
    "constructorId": 87,
    "constructorRef": "cooper",
    "name": "Cooper",
    "nationality": "British",
    "url": "http://en.wikipedia.org/wiki/Cooper_Car_Company"
  },
  {
    "constructorId": 88,
    "constructorRef": "eagle",
    "name": "Eagle",
    "nationality": "American",
    "url": "http://en.wikipedia.org/wiki/Anglo_American_Racers"
  },
  {
    "constructorId": 89,
    "constructorRef": "lds",
    "name": "LDS",
    "nationality": "South African",
    "url": "http://en.wikipedia.org/wiki/LDS_(automobile)"
  },
  {
    "constructorId": 90,
    "constructorRef": "protos",
    "name": "Protos",
    "nationality": "British",
    "url": "http://en.wikipedia.org/wiki/Protos_(constructor)"
  },
  {
    "constructorId": 91,
    "constructorRef": "shannon",
    "name": "Shannon",
    "nationality": "British",
    "url": "http://en.wikipedia.org/wiki/Shannon_(Formula_One)"
  },
  {
    "constructorId": 92,
    "constructorRef": "scirocco",
    "name": "Scirocco",
    "nationality": "British",
    "url": "http://en.wikipedia.org/wiki/Scirocco-Powell"
  },
  {
    "constructorId": 93,
    "constructorRef": "re",
    "name": "RE",
    "nationality": "Rhodesian",
    "url": "http://en.wikipedia.org/wiki/RE_%28automobile%29"
  },
  {
    "constructorId": 94,
    "constructorRef": "brp",
    "name": "BRP",
    "nationality": "British",
    "url": "http://en.wikipedia.org/wiki/British_Racing_Partnership"
  },
  {
    "constructorId": 95,
    "constructorRef": "porsche",
    "name": "Porsche",
    "nationality": "German",
    "url": "http://en.wikipedia.org/wiki/Porsche_in_Formula_One"
  },
  {
    "constructorId": 96,
    "constructorRef": "derrington",
    "name": "Derrington",
    "nationality": "British",
    "url": "http://en.wikipedia.org/wiki/Derrington-Francis"
  },
  {
    "constructorId": 97,
    "constructorRef": "gilby",
    "name": "Gilby",
    "nationality": "British",
    "url": "http://en.wikipedia.org/wiki/Gilby"
  },
  {
    "constructorId": 98,
    "constructorRef": "stebro",
    "name": "Stebro",
    "nationality": "Canadian",
    "url": "http://en.wikipedia.org/wiki/Stebro"
  },
  {
    "constructorId": 99,
    "constructorRef": "emeryson",
    "name": "Emeryson",
    "nationality": "British",
    "url": "http://en.wikipedia.org/wiki/Emeryson"
  },
  {
    "constructorId": 100,
    "constructorRef": "enb",
    "name": "ENB",
    "nationality": "Belgian",
    "url": "http://en.wikipedia.org/wiki/Ecurie_Nationale_Belge"
  },
  {
    "constructorId": 101,
    "constructorRef": "jbw",
    "name": "JBW",
    "nationality": "British",
    "url": "http://en.wikipedia.org/wiki/JBW"
  },
  {
    "constructorId": 102,
    "constructorRef": "ferguson",
    "name": "Ferguson",
    "nationality": "British",
    "url": "http://en.wikipedia.org/wiki/Ferguson_Research_Ltd."
  },
  {
    "constructorId": 103,
    "constructorRef": "mbm",
    "name": "MBM",
    "nationality": "Swiss",
    "url": "http://en.wikipedia.org/wiki/Monteverdi_Basel_Motors"
  },
  {
    "constructorId": 104,
    "constructorRef": "behra-porsche",
    "name": "Behra-Porsche",
    "nationality": "Italian",
    "url": "http://en.wikipedia.org/wiki/Behra-Porsche"
  },
  {
    "constructorId": 105,
    "constructorRef": "maserati",
    "name": "Maserati",
    "nationality": "Italian",
    "url": "http://en.wikipedia.org/wiki/Maserati"
  },
  {
    "constructorId": 106,
    "constructorRef": "scarab",
    "name": "Scarab",
    "nationality": "American",
    "url": "http://en.wikipedia.org/wiki/Scarab_(constructor)"
  },
  {
    "constructorId": 107,
    "constructorRef": "watson",
    "name": "Watson",
    "nationality": "American",
    "url": "http://en.wikipedia.org/wiki/A.J._Watson"
  },
  {
    "constructorId": 108,
    "constructorRef": "epperly",
    "name": "Epperly",
    "nationality": "American",
    "url": "http://en.wikipedia.org/wiki/Epperly"
  },
  {
    "constructorId": 109,
    "constructorRef": "phillips",
    "name": "Phillips",
    "nationality": "American",
    "url": "http://en.wikipedia.org/wiki/Phillips_(constructor)"
  },
  {
    "constructorId": 110,
    "constructorRef": "lesovsky",
    "name": "Lesovsky",
    "nationality": "American",
    "url": "http://en.wikipedia.org/wiki/Lesovsky"
  },
  {
    "constructorId": 111,
    "constructorRef": "trevis",
    "name": "Trevis",
    "nationality": "American",
    "url": "http://en.wikipedia.org/wiki/Trevis"
  },
  {
    "constructorId": 112,
    "constructorRef": "meskowski",
    "name": "Meskowski",
    "nationality": "American",
    "url": "http://en.wikipedia.org/wiki/Meskowski"
  },
  {
    "constructorId": 113,
    "constructorRef": "kurtis_kraft",
    "name": "Kurtis Kraft",
    "nationality": "American",
    "url": "http://en.wikipedia.org/wiki/Kurtis_Kraft"
  },
  {
    "constructorId": 114,
    "constructorRef": "kuzma",
    "name": "Kuzma",
    "nationality": "American",
    "url": "http://en.wikipedia.org/wiki/Kuzma_(constructor)"
  },
  {
    "constructorId": 115,
    "constructorRef": "vhristensen",
    "name": "Christensen",
    "nationality": "American",
    "url": "http://en.wikipedia.org/wiki/Christensen_(constructor)"
  },
  {
    "constructorId": 116,
    "constructorRef": "ewing",
    "name": "Ewing",
    "nationality": "American",
    "url": "http://en.wikipedia.org/wiki/Ewing_(constructor)"
  },
  {
    "constructorId": 117,
    "constructorRef": "aston_martin",
    "name": "Aston Martin",
    "nationality": "British",
    "url": "http://en.wikipedia.org/wiki/Aston_Martin_in_Formula_One"
  },
  {
    "constructorId": 118,
    "constructorRef": "vanwall",
    "name": "Vanwall",
    "nationality": "British",
    "url": "http://en.wikipedia.org/wiki/Vanwall"
  },
  {
    "constructorId": 119,
    "constructorRef": "moore",
    "name": "Moore",
    "nationality": "American",
    "url": "http://en.wikipedia.org/wiki/Moore_(constructor)"
  },
  {
    "constructorId": 120,
    "constructorRef": "dunn",
    "name": "Dunn",
    "nationality": "American",
    "url": "http://en.wikipedia.org/wiki/Dunn_Engineering"
  },
  {
    "constructorId": 121,
    "constructorRef": "elder",
    "name": "Elder",
    "nationality": "American",
    "url": "http://en.wikipedia.org/wiki/Elder_(constructor)"
  },
  {
    "constructorId": 122,
    "constructorRef": "sutton",
    "name": "Sutton",
    "nationality": "American",
    "url": "http://en.wikipedia.org/wiki/Sutton_(constructor)"
  },
  {
    "constructorId": 123,
    "constructorRef": "fry",
    "name": "Fry",
    "nationality": "British",
    "url": "http://en.wikipedia.org/wiki/Fry_(racing_team)"
  },
  {
    "constructorId": 124,
    "constructorRef": "tec-mec",
    "name": "Tec-Mec",
    "nationality": "Italian",
    "url": "http://en.wikipedia.org/wiki/Tec-Mec"
  },
  {
    "constructorId": 125,
    "constructorRef": "connaught",
    "name": "Connaught",
    "nationality": "British",
    "url": "http://en.wikipedia.org/wiki/Connaught_Engineering"
  },
  {
    "constructorId": 126,
    "constructorRef": "alta",
    "name": "Alta",
    "nationality": "British",
    "url": "http://en.wikipedia.org/wiki/Alta_auto_racing_team"
  },
  {
    "constructorId": 127,
    "constructorRef": "osca",
    "name": "OSCA",
    "nationality": "Italian",
    "url": "http://en.wikipedia.org/wiki/Officine_Specializate_Costruzione_Automobili"
  },
  {
    "constructorId": 128,
    "constructorRef": "gordini",
    "name": "Gordini",
    "nationality": "French",
    "url": "http://en.wikipedia.org/wiki/Gordini"
  },
  {
    "constructorId": 129,
    "constructorRef": "stevens",
    "name": "Stevens",
    "nationality": "American",
    "url": "http://en.wikipedia.org/wiki/Stevens_(constructor)"
  },
  {
    "constructorId": 130,
    "constructorRef": "bugatti",
    "name": "Bugatti",
    "nationality": "French",
    "url": "http://en.wikipedia.org/wiki/Bugatti"
  },
  {
    "constructorId": 131,
    "constructorRef": "mercedes",
    "name": "Mercedes",
    "nationality": "German",
    "url": "http://en.wikipedia.org/wiki/Mercedes-Benz_in_Formula_One"
  },
  {
    "constructorId": 132,
    "constructorRef": "lancia",
    "name": "Lancia",
    "nationality": "Italian",
    "url": "http://en.wikipedia.org/wiki/Lancia_in_Formula_One"
  },
  {
    "constructorId": 133,
    "constructorRef": "hwm",
    "name": "HWM",
    "nationality": "British",
    "url": "http://en.wikipedia.org/wiki/Hersham_and_Walton_Motors"
  },
  {
    "constructorId": 134,
    "constructorRef": "schroeder",
    "name": "Schroeder",
    "nationality": "American",
    "url": "http://en.wikipedia.org/wiki/Schroeder_(constructor)"
  },
  {
    "constructorId": 135,
    "constructorRef": "pawl",
    "name": "Pawl",
    "nationality": "American",
    "url": "http://en.wikipedia.org/wiki/Pawl_(constructor)"
  },
  {
    "constructorId": 136,
    "constructorRef": "pankratz",
    "name": "Pankratz",
    "nationality": "American",
    "url": "http://en.wikipedia.org/wiki/Pankratz"
  },
  {
    "constructorId": 137,
    "constructorRef": "arzani-volpini",
    "name": "Arzani-Volpini",
    "nationality": "Italian",
    "url": "http://en.wikipedia.org/wiki/Arzani-Volpini"
  },
  {
    "constructorId": 138,
    "constructorRef": "nichels",
    "name": "Nichels",
    "nationality": "American",
    "url": "http://en.wikipedia.org/wiki/Nichels"
  },
  {
    "constructorId": 139,
    "constructorRef": "bromme",
    "name": "Bromme",
    "nationality": "American",
    "url": "http://en.wikipedia.org/wiki/Bromme"
  },
  {
    "constructorId": 140,
    "constructorRef": "klenk",
    "name": "Klenk",
    "nationality": "German",
    "url": "http://en.wikipedia.org/wiki/Klenk"
  },
  {
    "constructorId": 141,
    "constructorRef": "simca",
    "name": "Simca",
    "nationality": "French",
    "url": "http://en.wikipedia.org/wiki/Simca"
  },
  {
    "constructorId": 142,
    "constructorRef": "turner",
    "name": "Turner",
    "nationality": "American",
    "url": "http://en.wikipedia.org/wiki/Turner_(constructor)"
  },
  {
    "constructorId": 143,
    "constructorRef": "del_roy",
    "name": "Del Roy",
    "nationality": "American",
    "url": "http://en.wikipedia.org/wiki/Del_Roy"
  },
  {
    "constructorId": 144,
    "constructorRef": "veritas",
    "name": "Veritas",
    "nationality": "German",
    "url": "http://en.wikipedia.org/wiki/Veritas_(constructor)"
  },
  {
    "constructorId": 145,
    "constructorRef": "bmw",
    "name": "BMW",
    "nationality": "German",
    "url": "http://en.wikipedia.org/wiki/BMW"
  },
  {
    "constructorId": 146,
    "constructorRef": "emw",
    "name": "EMW",
    "nationality": "East German",
    "url": "http://en.wikipedia.org/wiki/Eisenacher_Motorenwerk"
  },
  {
    "constructorId": 147,
    "constructorRef": "afm",
    "name": "AFM",
    "nationality": "German",
    "url": "http://en.wikipedia.org/wiki/Alex_von_Falkenhausen_Motorenbau"
  },
  {
    "constructorId": 148,
    "constructorRef": "frazer_nash",
    "name": "Frazer Nash",
    "nationality": "British",
    "url": "http://en.wikipedia.org/wiki/Frazer_Nash"
  },
  {
    "constructorId": 149,
    "constructorRef": "sherman",
    "name": "Sherman",
    "nationality": "American",
    "url": "http://en.wikipedia.org/wiki/Sherman_(constructor)"
  },
  {
    "constructorId": 150,
    "constructorRef": "deidt",
    "name": "Deidt",
    "nationality": "American",
    "url": "http://en.wikipedia.org/wiki/Deidt"
  },
  {
    "constructorId": 151,
    "constructorRef": "era",
    "name": "ERA",
    "nationality": "British",
    "url": "http://en.wikipedia.org/wiki/English_Racing_Automobiles"
  },
  {
    "constructorId": 152,
    "constructorRef": "butterworth",
    "name": "Aston Butterworth",
    "nationality": "British",
    "url": "http://en.wikipedia.org/wiki/Aston_Butterworth"
  },
  {
    "constructorId": 153,
    "constructorRef": "cisitalia",
    "name": "Cisitalia",
    "nationality": "Italian",
    "url": "http://en.wikipedia.org/wiki/Cisitalia"
  },
  {
    "constructorId": 154,
    "constructorRef": "lago",
    "name": "Talbot-Lago",
    "nationality": "French",
    "url": "http://en.wikipedia.org/wiki/Talbot-Lago"
  },
  {
    "constructorId": 155,
    "constructorRef": "hall",
    "name": "Hall",
    "nationality": "American",
    "url": "http://en.wikipedia.org/wiki/Hall_(constructor)"
  },
  {
    "constructorId": 156,
    "constructorRef": "marchese",
    "name": "Marchese",
    "nationality": "American",
    "url": "http://en.wikipedia.org/wiki/Marchese_(constructor)"
  },
  {
    "constructorId": 157,
    "constructorRef": "langley",
    "name": "Langley",
    "nationality": "American",
    "url": "http://en.wikipedia.org/wiki/Langley_(constructor)"
  },
  {
    "constructorId": 158,
    "constructorRef": "rae",
    "name": "Rae",
    "nationality": "American",
    "url": "http://en.wikipedia.org/wiki/Rae_(motorsport)"
  },
  {
    "constructorId": 159,
    "constructorRef": "olson",
    "name": "Olson",
    "nationality": "American",
    "url": "http://en.wikipedia.org/wiki/Olson_(constructor)"
  },
  {
    "constructorId": 160,
    "constructorRef": "wetteroth",
    "name": "Wetteroth",
    "nationality": "American",
    "url": "http://en.wikipedia.org/wiki/Wetteroth"
  },
  {
    "constructorId": 161,
    "constructorRef": "adams",
    "name": "Adams",
    "nationality": "American",
    "url": "http://en.wikipedia.org/wiki/Adams_(constructor)"
  },
  {
    "constructorId": 162,
    "constructorRef": "snowberger",
    "name": "Snowberger",
    "nationality": "American",
    "url": "http://en.wikipedia.org/wiki/Snowberger"
  },
  {
    "constructorId": 163,
    "constructorRef": "milano",
    "name": "Milano",
    "nationality": "Italian",
    "url": "http://en.wikipedia.org/wiki/Scuderia_Milano"
  },
  {
    "constructorId": 164,
    "constructorRef": "hrt",
    "name": "HRT",
    "nationality": "Spanish",
    "url": "http://en.wikipedia.org/wiki/Hispania_Racing"
  },
  {
    "constructorId": 167,
    "constructorRef": "cooper-maserati",
    "name": "Cooper-Maserati",
    "nationality": "British",
    "url": "http://en.wikipedia.org/wiki/Cooper_Car_Company"
  },
  {
    "constructorId": 166,
    "constructorRef": "virgin",
    "name": "Virgin",
    "nationality": "British",
    "url": "http://en.wikipedia.org/wiki/Virgin_Racing"
  },
  {
    "constructorId": 168,
    "constructorRef": "cooper-osca",
    "name": "Cooper-OSCA",
    "nationality": "British",
    "url": "http://en.wikipedia.org/wiki/Cooper_Car_Company"
  },
  {
    "constructorId": 169,
    "constructorRef": "cooper-borgward",
    "name": "Cooper-Borgward",
    "nationality": "British",
    "url": "http://en.wikipedia.org/wiki/Cooper_Car_Company"
  },
  {
    "constructorId": 170,
    "constructorRef": "cooper-climax",
    "name": "Cooper-Climax",
    "nationality": "British",
    "url": "http://en.wikipedia.org/wiki/Cooper_Car_Company"
  },
  {
    "constructorId": 171,
    "constructorRef": "cooper-castellotti",
    "name": "Cooper-Castellotti",
    "nationality": "British",
    "url": "http://en.wikipedia.org/wiki/Cooper_Car_Company"
  },
  {
    "constructorId": 172,
    "constructorRef": "lotus-climax",
    "name": "Lotus-Climax",
    "nationality": "British",
    "url": "http://en.wikipedia.org/wiki/Team_Lotus"
  },
  {
    "constructorId": 173,
    "constructorRef": "lotus-maserati",
    "name": "Lotus-Maserati",
    "nationality": "British",
    "url": "http://en.wikipedia.org/wiki/Team_Lotus"
  },
  {
    "constructorId": 174,
    "constructorRef": "de_tomaso-osca",
    "name": "De Tomaso-Osca",
    "nationality": "Italian",
    "url": "http://en.wikipedia.org/wiki/De_Tomaso"
  },
  {
    "constructorId": 175,
    "constructorRef": "de_tomaso-alfa_romeo",
    "name": "De Tomaso-Alfa Romeo",
    "nationality": "Italian",
    "url": "http://en.wikipedia.org/wiki/De_Tomaso"
  },
  {
    "constructorId": 176,
    "constructorRef": "lotus-brm",
    "name": "Lotus-BRM",
    "nationality": "British",
    "url": "http://en.wikipedia.org/wiki/Team_Lotus"
  },
  {
    "constructorId": 177,
    "constructorRef": "lotus-borgward",
    "name": "Lotus-Borgward",
    "nationality": "British",
    "url": "http://en.wikipedia.org/wiki/Team_Lotus"
  },
  {
    "constructorId": 178,
    "constructorRef": "cooper-alfa_romeo",
    "name": "Cooper-Alfa Romeo",
    "nationality": "British",
    "url": "http://en.wikipedia.org/wiki/Cooper_Car_Company"
  },
  {
    "constructorId": 179,
    "constructorRef": "de_tomaso-ferrari",
    "name": "De Tomaso-Ferrari",
    "nationality": "Italian",
    "url": "http://en.wikipedia.org/wiki/De_Tomaso"
  },
  {
    "constructorId": 180,
    "constructorRef": "lotus-ford",
    "name": "Lotus-Ford",
    "nationality": "British",
    "url": "http://en.wikipedia.org/wiki/Team_Lotus"
  },
  {
    "constructorId": 181,
    "constructorRef": "brabham-brm",
    "name": "Brabham-BRM",
    "nationality": "British",
    "url": "http://en.wikipedia.org/wiki/Brabham"
  },
  {
    "constructorId": 182,
    "constructorRef": "brabham-ford",
    "name": "Brabham-Ford",
    "nationality": "British",
    "url": "http://en.wikipedia.org/wiki/Brabham"
  },
  {
    "constructorId": 183,
    "constructorRef": "brabham-climax",
    "name": "Brabham-Climax",
    "nationality": "British",
    "url": "http://en.wikipedia.org/wiki/Brabham"
  },
  {
    "constructorId": 184,
    "constructorRef": "lds-climax",
    "name": "LDS-Climax",
    "nationality": "South African",
    "url": "http://en.wikipedia.org/wiki/LDS_(automobile)"
  },
  {
    "constructorId": 185,
    "constructorRef": "lds-alfa_romeo",
    "name": "LDS-Alfa Romeo",
    "nationality": "South African",
    "url": "http://en.wikipedia.org/wiki/LDS_(automobile)"
  },
  {
    "constructorId": 186,
    "constructorRef": "cooper-ford",
    "name": "Cooper-Ford",
    "nationality": "British",
    "url": "http://en.wikipedia.org/wiki/Cooper_Car_Company"
  },
  {
    "constructorId": 187,
    "constructorRef": "mclaren-ford",
    "name": "McLaren-Ford",
    "nationality": "British",
    "url": "http://en.wikipedia.org/wiki/Team_McLaren"
  },
  {
    "constructorId": 188,
    "constructorRef": "mclaren-seren",
    "name": "McLaren-Serenissima",
    "nationality": "British",
    "url": "http://en.wikipedia.org/wiki/Team_McLaren"
  },
  {
    "constructorId": 189,
    "constructorRef": "eagle-climax",
    "name": "Eagle-Climax",
    "nationality": "American",
    "url": "http://en.wikipedia.org/wiki/Anglo_American_Racers"
  },
  {
    "constructorId": 190,
    "constructorRef": "eagle-weslake",
    "name": "Eagle-Weslake",
    "nationality": "American",
    "url": "http://en.wikipedia.org/wiki/Anglo_American_Racers"
  },
  {
    "constructorId": 191,
    "constructorRef": "brabham-repco",
    "name": "Brabham-Repco",
    "nationality": "British",
    "url": "http://en.wikipedia.org/wiki/Brabham"
  },
  {
    "constructorId": 192,
    "constructorRef": "cooper-ferrari",
    "name": "Cooper-Ferrari",
    "nationality": "British",
    "url": "http://en.wikipedia.org/wiki/Cooper_Car_Company"
  },
  {
    "constructorId": 193,
    "constructorRef": "cooper-ats",
    "name": "Cooper-ATS",
    "nationality": "British",
    "url": "http://en.wikipedia.org/wiki/Cooper_Car_Company"
  },
  {
    "constructorId": 194,
    "constructorRef": "mclaren-brm",
    "name": "McLaren-BRM",
    "nationality": "British",
    "url": "http://en.wikipedia.org/wiki/McLaren_(racing)"
  },
  {
    "constructorId": 195,
    "constructorRef": "cooper-brm",
    "name": "Cooper-BRM",
    "nationality": "British",
    "url": "http://en.wikipedia.org/wiki/Cooper_Car_Company"
  },
  {
    "constructorId": 196,
    "constructorRef": "matra-ford",
    "name": "Matra-Ford",
    "nationality": "French",
    "url": "http://en.wikipedia.org/wiki/Matra"
  },
  {
    "constructorId": 197,
    "constructorRef": "brm-ford",
    "name": "BRM-Ford",
    "nationality": "British",
    "url": "http://en.wikipedia.org/wiki/BRM"
  },
  {
    "constructorId": 198,
    "constructorRef": "mclaren-alfa_romeo",
    "name": "McLaren-Alfa Romeo",
    "nationality": "British",
    "url": "http://en.wikipedia.org/wiki/McLaren_(racing)"
  },
  {
    "constructorId": 199,
    "constructorRef": "march-alfa_romeo",
    "name": "March-Alfa Romeo",
    "nationality": "British",
    "url": "http://en.wikipedia.org/wiki/March_Engineering"
  },
  {
    "constructorId": 200,
    "constructorRef": "march-ford",
    "name": "March-Ford",
    "nationality": "British",
    "url": "http://en.wikipedia.org/wiki/March_Engineering"
  },
  {
    "constructorId": 201,
    "constructorRef": "lotus-pw",
    "name": "Lotus-Pratt &amp; Whitney",
    "nationality": "British",
    "url": "http://en.wikipedia.org/wiki/Team_Lotus"
  },
  {
    "constructorId": 202,
    "constructorRef": "shadow-ford",
    "name": "Shadow-Ford",
    "nationality": "British",
    "url": "http://en.wikipedia.org/wiki/Shadow_Racing_Cars"
  },
  {
    "constructorId": 203,
    "constructorRef": "shadow-matra",
    "name": "Shadow-Matra",
    "nationality": "British",
    "url": "http://en.wikipedia.org/wiki/Shadow_Racing_Cars"
  },
  {
    "constructorId": 204,
    "constructorRef": "brabham-alfa_romeo",
    "name": "Brabham-Alfa Romeo",
    "nationality": "British",
    "url": "http://en.wikipedia.org/wiki/Brabham"
  },
  {
    "constructorId": 205,
    "constructorRef": "lotus_racing",
    "name": "Lotus",
    "nationality": "Malaysian",
    "url": "http://en.wikipedia.org/wiki/Lotus_Racing"
  },
  {
    "constructorId": 206,
    "constructorRef": "marussia",
    "name": "Marussia",
    "nationality": "Russian",
    "url": "http://en.wikipedia.org/wiki/Marussia_F1"
  },
  {
    "constructorId": 207,
    "constructorRef": "caterham",
    "name": "Caterham",
    "nationality": "Malaysian",
    "url": "http://en.wikipedia.org/wiki/Caterham_F1"
  },
  {
    "constructorId": 208,
    "constructorRef": "lotus_f1",
    "name": "Lotus F1",
    "nationality": "British",
    "url": "http://en.wikipedia.org/wiki/Lotus_F1"
  },
  {
    "constructorId": 209,
    "constructorRef": "manor",
    "name": "Manor Marussia",
    "nationality": "British",
    "url": "http://en.wikipedia.org/wiki/Manor_Motorsport"
  },
  {
    "constructorId": 210,
    "constructorRef": "haas",
    "name": "Haas F1 Team",
    "nationality": "American",
    "url": "http://en.wikipedia.org/wiki/Haas_F1_Team"
  },
  {
    "constructorId": 211,
    "constructorRef": "racing_point",
    "name": "Racing Point",
    "nationality": "British",
    "url": "http://en.wikipedia.org/wiki/Racing_Point_F1_Team"
  },
  {
    "constructorId": 213,
    "constructorRef": "alphatauri",
    "name": "AlphaTauri",
    "nationality": "Italian",
    "url": "http://en.wikipedia.org/wiki/Scuderia_AlphaTauri"
  },
  {
    "constructorId": 214,
    "constructorRef": "alpine",
    "name": "Alpine F1 Team",
    "nationality": "French",
    "url": "http://en.wikipedia.org/wiki/Alpine_F1_Team"
  },
  {
    "constructorId": 215,
    "constructorRef": "rb",
    "name": "RB F1 Team",
    "nationality": "Italian",
    "url": "http://en.wikipedia.org/wiki/RB_Formula_One_Team"
  }
]