[{"year":"2009","url":"http://en.wikipedia.org/wiki/2009_Formula_One_season"},{"year":"2008","url":"http://en.wikipedia.org/wiki/2008_Formula_One_season"},{"year":"2007","url":"http://en.wikipedia.org/wiki/2007_Formula_One_season"},{"year":"2006","url":"http://en.wikipedia.org/wiki/2006_Formula_One_season"},{"year":"2005","url":"http://en.wikipedia.org/wiki/2005_Formula_One_season"},{"year":"2004","url":"http://en.wikipedia.org/wiki/2004_Formula_One_season"},{"year":"2003","url":"http://en.wikipedia.org/wiki/2003_Formula_One_season"},{"year":"2002","url":"http://en.wikipedia.org/wiki/2002_Formula_One_season"},{"year":"2001","url":"http://en.wikipedia.org/wiki/2001_Formula_One_season"},{"year":"2000","url":"http://en.wikipedia.org/wiki/2000_Formula_One_season"},{"year":"1999","url":"http://en.wikipedia.org/wiki/1999_Formula_One_season"},{"year":"1998","url":"http://en.wikipedia.org/wiki/1998_Formula_One_season"},{"year":"1997","url":"http://en.wikipedia.org/wiki/1997_Formula_One_season"},{"year":"1996","url":"http://en.wikipedia.org/wiki/1996_Formula_One_season"},{"year":"1995","url":"http://en.wikipedia.org/wiki/1995_Formula_One_season"},{"year":"1994","url":"http://en.wikipedia.org/wiki/1994_Formula_One_season"},{"year":"1993","url":"http://en.wikipedia.org/wiki/1993_Formula_One_season"},{"year":"1992","url":"http://en.wikipedia.org/wiki/1992_Formula_One_season"},{"year":"1991","url":"http://en.wikipedia.org/wiki/1991_Formula_One_season"},{"year":"1990","url":"http://en.wikipedia.org/wiki/1990_Formula_One_season"},{"year":"2010","url":"http://en.wikipedia.org/wiki/2010_Formula_One_season"},{"year":"1989","url":"http://en.wikipedia.org/wiki/1989_Formula_One_season"},{"year":"1988","url":"http://en.wikipedia.org/wiki/1988_Formula_One_season"},{"year":"1987","url":"http://en.wikipedia.org/wiki/1987_Formula_One_season"},{"year":"1986","url":"http://en.wikipedia.org/wiki/1986_Formula_One_season"},{"year":"1985","url":"http://en.wikipedia.org/wiki/1985_Formula_One_season"},{"year":"1984","url":"http://en.wikipedia.org/wiki/1984_Formula_One_season"},{"year":"1983","url":"http://en.wikipedia.org/wiki/1983_Formula_One_season"},{"year":"1982","url":"http://en.wikipedia.org/wiki/1982_Formula_One_season"},{"year":"1981","url":"http://en.wikipedia.org/wiki/1981_Formula_One_season"},{"year":"1980","url":"http://en.wikipedia.org/wiki/1980_Formula_One_season"},{"year":"1979","url":"http://en.wikipedia.org/wiki/1979_Formula_One_season"},{"year":"1978","url":"http://en.wikipedia.org/wiki/1978_Formula_One_season"},{"year":"1977","url":"http://en.wikipedia.org/wiki/1977_Formula_One_season"},{"year":"1976","url":"http://en.wikipedia.org/wiki/1976_Formula_One_season"},{"year":"1975","url":"http://en.wikipedia.org/wiki/1975_Formula_One_season"},{"year":"1974","url":"http://en.wikipedia.org/wiki/1974_Formula_One_season"},{"year":"1973","url":"http://en.wikipedia.org/wiki/1973_Formula_One_season"},{"year":"1972","url":"http://en.wikipedia.org/wiki/1972_Formula_One_season"},{"year":"1971","url":"http://en.wikipedia.org/wiki/1971_Formula_One_season"},{"year":"1970","url":"http://en.wikipedia.org/wiki/1970_Formula_One_season"},{"year":"1969","url":"http://en.wikipedia.org/wiki/1969_Formula_One_season"},{"year":"1968","url":"http://en.wikipedia.org/wiki/1968_Formula_One_season"},{"year":"1967","url":"http://en.wikipedia.org/wiki/1967_Formula_One_season"},{"year":"1966","url":"http://en.wikipedia.org/wiki/1966_Formula_One_season"},{"year":"1965","url":"http://en.wikipedia.org/wiki/1965_Formula_One_season"},{"year":"1964","url":"http://en.wikipedia.org/wiki/1964_Formula_One_season"},{"year":"1963","url":"http://en.wikipedia.org/wiki/1963_Formula_One_season"},{"year":"1962","url":"http://en.wikipedia.org/wiki/1962_Formula_One_season"},{"year":"1961","url":"http://en.wikipedia.org/wiki/1961_Formula_One_season"},{"year":"1960","url":"http://en.wikipedia.org/wiki/1960_Formula_One_season"},{"year":"1959","url":"http://en.wikipedia.org/wiki/1959_Formula_One_season"},{"year":"1958","url":"http://en.wikipedia.org/wiki/1958_Formula_One_season"},{"year":"1957","url":"http://en.wikipedia.org/wiki/1957_Formula_One_season"},{"year":"1956","url":"http://en.wikipedia.org/wiki/1956_Formula_One_season"},{"year":"1955","url":"http://en.wikipedia.org/wiki/1955_Formula_One_season"},{"year":"1954","url":"http://en.wikipedia.org/wiki/1954_Formula_One_season"},{"year":"1953","url":"http://en.wikipedia.org/wiki/1953_Formula_One_season"},{"year":"1952","url":"http://en.wikipedia.org/wiki/1952_Formula_One_season"},{"year":"1951","url":"http://en.wikipedia.org/wiki/1951_Formula_One_season"},{"year":"1950","url":"http://en.wikipedia.org/wiki/1950_Formula_One_season"},{"year":"2011","url":"http://en.wikipedia.org/wiki/2011_Formula_One_season"},{"year":"2012","url":"http://en.wikipedia.org/wiki/2012_Formula_One_season"},{"year":"2013","url":"http://en.wikipedia.org/wiki/2013_Formula_One_season"},{"year":"2014","url":"http://en.wikipedia.org/wiki/2014_Formula_One_season"},{"year":"2015","url":"http://en.wikipedia.org/wiki/2015_Formula_One_season"},{"year":"2016","url":"http://en.wikipedia.org/wiki/2016_Formula_One_season"},{"year":"2017","url":"http://en.wikipedia.org/wiki/2017_Formula_One_season"},{"year":"2018","url":"http://en.wikipedia.org/wiki/2018_Formula_One_World_Championship"},{"year":"2019","url":"http://en.wikipedia.org/wiki/2019_Formula_One_World_Championship"},{"year":"2020","url":"http://en.wikipedia.org/wiki/2020_Formula_One_World_Championship"},{"year":"2021","url":"http://en.wikipedia.org/wiki/2021_Formula_One_World_Championship"},{"year":"2022","url":"http://en.wikipedia.org/wiki/2022_Formula_One_World_Championship"},{"year":"2023","url":"http://en.wikipedia.org/wiki/2023_Formula_One_World_Championship"},{"year":"2024","url":"https://en.wikipedia.org/wiki/2024_Formula_One_World_Championship"}]