[{"resultId":"1","raceId":"1061","driverId":"830","constructorId":"9","number":"33","grid":"2","position":"1","positionText":"1","positionOrder":"1","points":"3","laps":"17","time":"25:38.426","milliseconds":"1538426","fastestLap":"14","fastestLapTime":"1:30.013","statusId":"1"},{"resultId":"2","raceId":"1061","driverId":"1","constructorId":"131","number":"44","grid":"1","position":"2","positionText":"2","positionOrder":"2","points":"2","laps":"17","time":"+1.430","milliseconds":"1539856","fastestLap":"17","fastestLapTime":"1:29.937","statusId":"1"},{"resultId":"3","raceId":"1061","driverId":"822","constructorId":"131","number":"77","grid":"3","position":"3","positionText":"3","positionOrder":"3","points":"1","laps":"17","time":"+7.502","milliseconds":"1545928","fastestLap":"17","fastestLapTime":"1:29.958","statusId":"1"},{"resultId":"4","raceId":"1061","driverId":"844","constructorId":"6","number":"16","grid":"4","position":"4","positionText":"4","positionOrder":"4","points":"0","laps":"17","time":"+11.278","milliseconds":"1549704","fastestLap":"16","fastestLapTime":"1:30.163","statusId":"1"},{"resultId":"5","raceId":"1061","driverId":"846","constructorId":"1","number":"4","grid":"6","position":"5","positionText":"5","positionOrder":"5","points":"0","laps":"17","time":"+24.111","milliseconds":"1562537","fastestLap":"16","fastestLapTime":"1:30.566","statusId":"1"},{"resultId":"6","raceId":"1061","driverId":"817","constructorId":"1","number":"3","grid":"7","position":"6","positionText":"6","positionOrder":"6","points":"0","laps":"17","time":"+30.959","milliseconds":"1569385","fastestLap":"17","fastestLapTime":"1:30.640","statusId":"1"},{"resultId":"7","raceId":"1061","driverId":"4","constructorId":"214","number":"14","grid":"11","position":"7","positionText":"7","positionOrder":"7","points":"0","laps":"17","time":"+43.527","milliseconds":"1581953","fastestLap":"17","fastestLapTime":"1:31.773","statusId":"1"},{"resultId":"8","raceId":"1061","driverId":"20","constructorId":"117","number":"5","grid":"10","position":"8","positionText":"8","positionOrder":"8","points":"0","laps":"17","time":"+44.439","milliseconds":"1582865","fastestLap":"17","fastestLapTime":"1:31.687","statusId":"1"},{"resultId":"9","raceId":"1061","driverId":"847","constructorId":"3","number":"63","grid":"8","position":"9","positionText":"9","positionOrder":"9","points":"0","laps":"17","time":"+46.652","milliseconds":"1585078","fastestLap":"17","fastestLapTime":"1:32.208","statusId":"1"},{"resultId":"10","raceId":"1061","driverId":"839","constructorId":"214","number":"31","grid":"13","position":"10","positionText":"10","positionOrder":"10","points":"0","laps":"17","time":"+47.395","milliseconds":"1585821","fastestLap":"16","fastestLapTime":"1:32.183","statusId":"1"},{"resultId":"11","raceId":"1061","driverId":"832","constructorId":"6","number":"55","grid":"9","position":"11","positionText":"11","positionOrder":"11","points":"0","laps":"17","time":"+47.798","milliseconds":"1586224","fastestLap":"10","fastestLapTime":"1:31.991","statusId":"1"},{"resultId":"12","raceId":"1061","driverId":"842","constructorId":"213","number":"10","grid":"12","position":"12","positionText":"12","positionOrder":"12","points":"0","laps":"17","time":"+48.763","milliseconds":"1587189","fastestLap":"17","fastestLapTime":"1:32.072","statusId":"1"},{"resultId":"13","raceId":"1061","driverId":"8","constructorId":"51","number":"7","grid":"17","position":"13","positionText":"13","positionOrder":"13","points":"0","laps":"17","time":"+50.677","milliseconds":"1589103","fastestLap":"12","fastestLapTime":"1:32.139","statusId":"1"},{"resultId":"14","raceId":"1061","driverId":"840","constructorId":"117","number":"18","grid":"15","position":"14","positionText":"14","positionOrder":"14","points":"0","laps":"17","time":"+52.179","milliseconds":"1590605","fastestLap":"12","fastestLapTime":"1:32.210","statusId":"1"},{"resultId":"15","raceId":"1061","driverId":"841","constructorId":"51","number":"99","grid":"14","position":"15","positionText":"15","positionOrder":"15","points":"0","laps":"17","time":"+53.225","milliseconds":"1591651","fastestLap":"14","fastestLapTime":"1:32.457","statusId":"1"},{"resultId":"16","raceId":"1061","driverId":"852","constructorId":"213","number":"22","grid":"16","position":"16","positionText":"16","positionOrder":"16","points":"0","laps":"17","time":"+53.567","milliseconds":"1591993","fastestLap":"14","fastestLapTime":"1:32.270","statusId":"1"},{"resultId":"17","raceId":"1061","driverId":"849","constructorId":"3","number":"6","grid":"18","position":"17","positionText":"17","positionOrder":"17","points":"0","laps":"17","time":"+55.162","milliseconds":"1593588","fastestLap":"17","fastestLapTime":"1:32.143","statusId":"1"},{"resultId":"18","raceId":"1061","driverId":"854","constructorId":"210","number":"47","grid":"19","position":"18","positionText":"18","positionOrder":"18","points":"0","laps":"17","time":"+1:08.213","milliseconds":"1606639","fastestLap":"15","fastestLapTime":"1:32.567","statusId":"1"},{"resultId":"19","raceId":"1061","driverId":"853","constructorId":"210","number":"9","grid":"20","position":"19","positionText":"19","positionOrder":"19","points":"0","laps":"17","time":"+1:17.648","milliseconds":"1616074","fastestLap":"3","fastestLapTime":"1:33.462","statusId":"1"},{"resultId":"20","raceId":"1061","driverId":"815","constructorId":"9","number":"11","grid":"5","position":"\\N","positionText":"R","positionOrder":"20","points":"0","laps":"16","time":"\\N","milliseconds":"\\N","fastestLap":"6","fastestLapTime":"1:31.465","statusId":"76"},{"resultId":"21","raceId":"1065","driverId":"822","constructorId":"131","number":"77","grid":"1","position":"1","positionText":"1","positionOrder":"1","points":"3","laps":"18","time":"27:54.078","milliseconds":"1674078","fastestLap":"9","fastestLapTime":"1:23.540","statusId":"1"},{"resultId":"22","raceId":"1065","driverId":"830","constructorId":"9","number":"33","grid":"3","position":"2","positionText":"2","positionOrder":"2","points":"2","laps":"18","time":"+2.325","milliseconds":"1676403","fastestLap":"9","fastestLapTime":"1:23.502","statusId":"1"},{"resultId":"23","raceId":"1065","driverId":"817","constructorId":"1","number":"3","grid":"5","position":"3","positionText":"3","positionOrder":"3","points":"1","laps":"18","time":"+14.534","milliseconds":"1688612","fastestLap":"17","fastestLapTime":"1:24.291","statusId":"1"},{"resultId":"24","raceId":"1065","driverId":"846","constructorId":"1","number":"4","grid":"4","position":"4","positionText":"4","positionOrder":"4","points":"0","laps":"18","time":"+18.835","milliseconds":"1692913","fastestLap":"9","fastestLapTime":"1:24.554","statusId":"1"},{"resultId":"25","raceId":"1065","driverId":"1","constructorId":"131","number":"44","grid":"2","position":"5","positionText":"5","positionOrder":"5","points":"0","laps":"18","time":"+20.011","milliseconds":"1694089","fastestLap":"9","fastestLapTime":"1:24.253","statusId":"1"},{"resultId":"26","raceId":"1065","driverId":"844","constructorId":"6","number":"16","grid":"8","position":"6","positionText":"6","positionOrder":"6","points":"0","laps":"18","time":"+23.442","milliseconds":"1697520","fastestLap":"18","fastestLapTime":"1:24.677","statusId":"1"},{"resultId":"27","raceId":"1065","driverId":"832","constructorId":"6","number":"55","grid":"7","position":"7","positionText":"7","positionOrder":"7","points":"0","laps":"18","time":"+27.952","milliseconds":"1702030","fastestLap":"8","fastestLapTime":"1:24.918","statusId":"1"},{"resultId":"28","raceId":"1065","driverId":"841","constructorId":"51","number":"99","grid":"10","position":"8","positionText":"8","positionOrder":"8","points":"0","laps":"18","time":"+31.089","milliseconds":"1705167","fastestLap":"10","fastestLapTime":"1:25.126","statusId":"1"},{"resultId":"29","raceId":"1065","driverId":"815","constructorId":"9","number":"11","grid":"9","position":"9","positionText":"9","positionOrder":"9","points":"0","laps":"18","time":"+31.680","milliseconds":"1705758","fastestLap":"12","fastestLapTime":"1:24.211","statusId":"1"},{"resultId":"30","raceId":"1065","driverId":"840","constructorId":"117","number":"18","grid":"12","position":"10","positionText":"10","positionOrder":"10","points":"0","laps":"18","time":"+38.671","milliseconds":"1712749","fastestLap":"8","fastestLapTime":"1:25.349","statusId":"1"},{"resultId":"31","raceId":"1065","driverId":"4","constructorId":"214","number":"14","grid":"13","position":"11","positionText":"11","positionOrder":"11","points":"0","laps":"18","time":"+39.795","milliseconds":"1713873","fastestLap":"8","fastestLapTime":"1:25.225","statusId":"1"},{"resultId":"32","raceId":"1065","driverId":"20","constructorId":"117","number":"5","grid":"11","position":"12","positionText":"12","positionOrder":"12","points":"0","laps":"18","time":"+41.177","milliseconds":"1715255","fastestLap":"8","fastestLapTime":"1:25.493","statusId":"1"},{"resultId":"33","raceId":"1065","driverId":"839","constructorId":"214","number":"31","grid":"14","position":"13","positionText":"13","positionOrder":"13","points":"0","laps":"18","time":"+43.373","milliseconds":"1717451","fastestLap":"8","fastestLapTime":"1:25.613","statusId":"1"},{"resultId":"34","raceId":"1065","driverId":"849","constructorId":"3","number":"6","grid":"16","position":"14","positionText":"14","positionOrder":"14","points":"0","laps":"18","time":"+45.977","milliseconds":"1720055","fastestLap":"9","fastestLapTime":"1:25.711","statusId":"1"},{"resultId":"35","raceId":"1065","driverId":"847","constructorId":"3","number":"63","grid":"15","position":"15","positionText":"15","positionOrder":"15","points":"0","laps":"18","time":"+46.821","milliseconds":"1720899","fastestLap":"15","fastestLapTime":"1:25.835","statusId":"1"},{"resultId":"36","raceId":"1065","driverId":"852","constructorId":"213","number":"22","grid":"17","position":"16","positionText":"16","positionOrder":"16","points":"0","laps":"18","time":"+49.977","milliseconds":"1724055","fastestLap":"18","fastestLapTime":"1:25.847","statusId":"1"},{"resultId":"37","raceId":"1065","driverId":"853","constructorId":"210","number":"9","grid":"20","position":"17","positionText":"17","positionOrder":"17","points":"0","laps":"18","time":"+1:02.599","milliseconds":"1736677","fastestLap":"7","fastestLapTime":"1:26.613","statusId":"1"},{"resultId":"38","raceId":"1065","driverId":"9","constructorId":"51","number":"88","grid":"19","position":"18","positionText":"18","positionOrder":"18","points":"0","laps":"18","time":"+1:05.096","milliseconds":"1739174","fastestLap":"12","fastestLapTime":"1:26.772","statusId":"1"},{"resultId":"39","raceId":"1065","driverId":"854","constructorId":"210","number":"47","grid":"18","position":"19","positionText":"19","positionOrder":"19","points":"0","laps":"18","time":"+1:06.154","milliseconds":"1740232","fastestLap":"7","fastestLapTime":"1:26.819","statusId":"1"},{"resultId":"40","raceId":"1065","driverId":"842","constructorId":"213","number":"10","grid":"6","position":"\\N","positionText":"R","positionOrder":"20","points":"0","laps":"0","time":"\\N","milliseconds":"\\N","fastestLap":"\\N","fastestLapTime":"\\N","statusId":"3"},{"resultId":"41","raceId":"1071","driverId":"822","constructorId":"131","number":"77","grid":"2","position":"1","positionText":"1","positionOrder":"1","points":"3","laps":"24","time":"29:09.559","milliseconds":"1749559","fastestLap":"8","fastestLapTime":"1:12.300","statusId":"1"},{"resultId":"42","raceId":"1071","driverId":"830","constructorId":"9","number":"33","grid":"1","position":"2","positionText":"2","positionOrder":"2","points":"2","laps":"24","time":"+1.170","milliseconds":"1750729","fastestLap":"9","fastestLapTime":"1:12.114","statusId":"1"},{"resultId":"43","raceId":"1071","driverId":"832","constructorId":"6","number":"55","grid":"5","position":"3","positionText":"3","positionOrder":"3","points":"1","laps":"24","time":"+18.723","milliseconds":"1768282","fastestLap":"13","fastestLapTime":"1:13.167","statusId":"1"},{"resultId":"44","raceId":"1071","driverId":"815","constructorId":"9","number":"11","grid":"3","position":"4","positionText":"4","positionOrder":"4","points":"0","laps":"24","time":"+19.787","milliseconds":"1769346","fastestLap":"13","fastestLapTime":"1:13.110","statusId":"1"},{"resultId":"45","raceId":"1071","driverId":"1","constructorId":"131","number":"44","grid":"20","position":"5","positionText":"5","positionOrder":"5","points":"0","laps":"24","time":"+20.872","milliseconds":"1770431","fastestLap":"5","fastestLapTime":"1:12.357","statusId":"1"},{"resultId":"46","raceId":"1071","driverId":"846","constructorId":"1","number":"4","grid":"7","position":"6","positionText":"6","positionOrder":"6","points":"0","laps":"24","time":"+22.558","milliseconds":"1772117","fastestLap":"8","fastestLapTime":"1:12.994","statusId":"1"},{"resultId":"47","raceId":"1071","driverId":"844","constructorId":"6","number":"16","grid":"6","position":"7","positionText":"7","positionOrder":"7","points":"0","laps":"24","time":"+25.056","milliseconds":"1774615","fastestLap":"4","fastestLapTime":"1:13.140","statusId":"1"},{"resultId":"48","raceId":"1071","driverId":"842","constructorId":"213","number":"10","grid":"4","position":"8","positionText":"8","positionOrder":"8","points":"0","laps":"24","time":"+34.158","milliseconds":"1783717","fastestLap":"4","fastestLapTime":"1:13.342","statusId":"1"},{"resultId":"49","raceId":"1071","driverId":"839","constructorId":"214","number":"31","grid":"10","position":"9","positionText":"9","positionOrder":"9","points":"0","laps":"24","time":"+34.632","milliseconds":"1784191","fastestLap":"11","fastestLapTime":"1:13.615","statusId":"1"},{"resultId":"50","raceId":"1071","driverId":"20","constructorId":"117","number":"5","grid":"11","position":"10","positionText":"10","positionOrder":"10","points":"0","laps":"24","time":"+34.867","milliseconds":"1784426","fastestLap":"5","fastestLapTime":"1:13.558","statusId":"1"},{"resultId":"51","raceId":"1071","driverId":"817","constructorId":"1","number":"3","grid":"8","position":"11","positionText":"11","positionOrder":"11","points":"0","laps":"24","time":"+35.869","milliseconds":"1785428","fastestLap":"9","fastestLapTime":"1:13.463","statusId":"1"},{"resultId":"52","raceId":"1071","driverId":"4","constructorId":"214","number":"14","grid":"9","position":"12","positionText":"12","positionOrder":"12","points":"0","laps":"24","time":"+36.578","milliseconds":"1786137","fastestLap":"4","fastestLapTime":"1:13.397","statusId":"1"},{"resultId":"53","raceId":"1071","driverId":"841","constructorId":"51","number":"99","grid":"14","position":"13","positionText":"13","positionOrder":"13","points":"0","laps":"24","time":"+41.880","milliseconds":"1791439","fastestLap":"11","fastestLapTime":"1:13.627","statusId":"1"},{"resultId":"54","raceId":"1071","driverId":"840","constructorId":"117","number":"18","grid":"15","position":"14","positionText":"14","positionOrder":"14","points":"0","laps":"24","time":"+44.037","milliseconds":"1793596","fastestLap":"9","fastestLapTime":"1:13.666","statusId":"1"},{"resultId":"55","raceId":"1071","driverId":"852","constructorId":"213","number":"22","grid":"12","position":"15","positionText":"15","positionOrder":"15","points":"0","laps":"24","time":"+46.150","milliseconds":"1795709","fastestLap":"11","fastestLapTime":"1:13.747","statusId":"1"},{"resultId":"56","raceId":"1071","driverId":"849","constructorId":"3","number":"6","grid":"16","position":"16","positionText":"16","positionOrder":"16","points":"0","laps":"24","time":"+46.760","milliseconds":"1796319","fastestLap":"7","fastestLapTime":"1:13.934","statusId":"1"},{"resultId":"57","raceId":"1071","driverId":"847","constructorId":"3","number":"63","grid":"17","position":"17","positionText":"17","positionOrder":"17","points":"0","laps":"24","time":"+47.739","milliseconds":"1797298","fastestLap":"14","fastestLapTime":"1:14.056","statusId":"1"},{"resultId":"58","raceId":"1071","driverId":"8","constructorId":"51","number":"7","grid":"13","position":"18","positionText":"18","positionOrder":"18","points":"0","laps":"24","time":"+50.014","milliseconds":"1799573","fastestLap":"9","fastestLapTime":"1:13.900","statusId":"1"},{"resultId":"59","raceId":"1071","driverId":"854","constructorId":"210","number":"47","grid":"18","position":"19","positionText":"19","positionOrder":"19","points":"0","laps":"24","time":"+1:01.680","milliseconds":"1811239","fastestLap":"9","fastestLapTime":"1:14.387","statusId":"1"},{"resultId":"60","raceId":"1071","driverId":"853","constructorId":"210","number":"9","grid":"19","position":"20","positionText":"20","positionOrder":"20","points":"0","laps":"24","time":"+1:07.474","milliseconds":"1817033","fastestLap":"6","fastestLapTime":"1:14.583","statusId":"1"},{"resultId":"61","raceId":"1077","driverId":"830","constructorId":"9","number":"1","grid":"1","position":"1","positionText":"1","positionOrder":"1","points":"8","laps":"21","time":"30:39.567","milliseconds":"1839567","fastestLap":"14","fastestLapTime":"1:19.154","statusId":"1"},{"resultId":"62","raceId":"1077","driverId":"844","constructorId":"6","number":"16","grid":"2","position":"2","positionText":"2","positionOrder":"2","points":"7","laps":"21","time":"+2.975","milliseconds":"1842542","fastestLap":"11","fastestLapTime":"1:19.044","statusId":"1"},{"resultId":"63","raceId":"1077","driverId":"815","constructorId":"9","number":"11","grid":"7","position":"3","positionText":"3","positionOrder":"3","points":"6","laps":"21","time":"+4.721","milliseconds":"1844288","fastestLap":"14","fastestLapTime":"1:19.012","statusId":"1"},{"resultId":"64","raceId":"1077","driverId":"832","constructorId":"6","number":"55","grid":"10","position":"4","positionText":"4","positionOrder":"4","points":"5","laps":"21","time":"+17.578","milliseconds":"1857145","fastestLap":"14","fastestLapTime":"1:19.251","statusId":"1"},{"resultId":"65","raceId":"1077","driverId":"846","constructorId":"1","number":"4","grid":"3","position":"5","positionText":"5","positionOrder":"5","points":"4","laps":"21","time":"+24.561","milliseconds":"1864128","fastestLap":"9","fastestLapTime":"1:20.030","statusId":"1"},{"resultId":"66","raceId":"1077","driverId":"817","constructorId":"1","number":"3","grid":"6","position":"6","positionText":"6","positionOrder":"6","points":"3","laps":"21","time":"+27.740","milliseconds":"1867307","fastestLap":"12","fastestLapTime":"1:20.328","statusId":"1"},{"resultId":"67","raceId":"1077","driverId":"822","constructorId":"51","number":"77","grid":"8","position":"7","positionText":"7","positionOrder":"7","points":"2","laps":"21","time":"+28.133","milliseconds":"1867700","fastestLap":"9","fastestLapTime":"1:20.219","statusId":"1"},{"resultId":"68","raceId":"1077","driverId":"825","constructorId":"210","number":"20","grid":"4","position":"8","positionText":"8","positionOrder":"8","points":"1","laps":"21","time":"+30.712","milliseconds":"1870279","fastestLap":"6","fastestLapTime":"1:20.557","statusId":"1"},{"resultId":"69","raceId":"1077","driverId":"4","constructorId":"214","number":"14","grid":"5","position":"9","positionText":"9","positionOrder":"9","points":"0","laps":"21","time":"+32.278","milliseconds":"1871845","fastestLap":"10","fastestLapTime":"1:20.639","statusId":"1"},{"resultId":"70","raceId":"1077","driverId":"854","constructorId":"210","number":"47","grid":"12","position":"10","positionText":"10","positionOrder":"10","points":"0","laps":"21","time":"+33.773","milliseconds":"1873340","fastestLap":"15","fastestLapTime":"1:20.567","statusId":"1"},{"resultId":"71","raceId":"1077","driverId":"847","constructorId":"131","number":"63","grid":"11","position":"11","positionText":"11","positionOrder":"11","points":"0","laps":"21","time":"+36.284","milliseconds":"1875851","fastestLap":"19","fastestLapTime":"1:20.756","statusId":"1"},{"resultId":"72","raceId":"1077","driverId":"852","constructorId":"213","number":"22","grid":"16","position":"12","positionText":"12","positionOrder":"12","points":"0","laps":"21","time":"+38.298","milliseconds":"1877865","fastestLap":"20","fastestLapTime":"1:20.909","statusId":"1"},{"resultId":"73","raceId":"1077","driverId":"20","constructorId":"117","number":"5","grid":"9","position":"13","positionText":"13","positionOrder":"13","points":"0","laps":"21","time":"+40.177","milliseconds":"1879744","fastestLap":"8","fastestLapTime":"1:21.044","statusId":"1"},{"resultId":"74","raceId":"1077","driverId":"1","constructorId":"131","number":"44","grid":"13","position":"14","positionText":"14","positionOrder":"14","points":"0","laps":"21","time":"+41.459","milliseconds":"1881026","fastestLap":"9","fastestLapTime":"1:20.663","statusId":"1"},{"resultId":"75","raceId":"1077","driverId":"840","constructorId":"117","number":"18","grid":"15","position":"15","positionText":"15","positionOrder":"15","points":"0","laps":"21","time":"+42.910","milliseconds":"1882477","fastestLap":"14","fastestLapTime":"1:20.948","statusId":"1"},{"resultId":"76","raceId":"1077","driverId":"839","constructorId":"214","number":"31","grid":"19","position":"16","positionText":"16","positionOrder":"16","points":"0","laps":"21","time":"+43.517","milliseconds":"1883084","fastestLap":"14","fastestLapTime":"1:20.995","statusId":"1"},{"resultId":"77","raceId":"1077","driverId":"842","constructorId":"213","number":"10","grid":"17","position":"17","positionText":"17","positionOrder":"17","points":"0","laps":"21","time":"+43.794","milliseconds":"1883361","fastestLap":"18","fastestLapTime":"1:20.599","statusId":"1"},{"resultId":"78","raceId":"1077","driverId":"848","constructorId":"3","number":"23","grid":"20","position":"18","positionText":"18","positionOrder":"18","points":"0","laps":"21","time":"+48.871","milliseconds":"1888438","fastestLap":"14","fastestLapTime":"1:21.020","statusId":"1"},{"resultId":"79","raceId":"1077","driverId":"849","constructorId":"3","number":"6","grid":"18","position":"19","positionText":"19","positionOrder":"19","points":"0","laps":"21","time":"+52.017","milliseconds":"1891584","fastestLap":"16","fastestLapTime":"1:21.437","statusId":"1"},{"resultId":"80","raceId":"1077","driverId":"855","constructorId":"51","number":"24","grid":"0","position":"\\N","positionText":"R","positionOrder":"20","points":"0","laps":"0","time":"\\N","milliseconds":"\\N","fastestLap":"\\N","fastestLapTime":"\\N","statusId":"31"},{"resultId":"81","raceId":"1084","driverId":"830","constructorId":"9","number":"1","grid":"1","position":"1","positionText":"1","positionOrder":"1","points":"8","laps":"23","time":"26:30.059","milliseconds":"1590059","fastestLap":"5","fastestLapTime":"1:08.455","statusId":"1"},{"resultId":"82","raceId":"1084","driverId":"844","constructorId":"6","number":"16","grid":"2","position":"2","positionText":"2","positionOrder":"2","points":"7","laps":"23","time":"+1.675","milliseconds":"1591734","fastestLap":"4","fastestLapTime":"1:08.321","statusId":"1"},{"resultId":"83","raceId":"1084","driverId":"832","constructorId":"6","number":"55","grid":"3","position":"3","positionText":"3","positionOrder":"3","points":"6","laps":"23","time":"+5.644","milliseconds":"1595703","fastestLap":"4","fastestLapTime":"1:08.409","statusId":"1"},{"resultId":"84","raceId":"1084","driverId":"847","constructorId":"131","number":"63","grid":"4","position":"4","positionText":"4","positionOrder":"4","points":"5","laps":"23","time":"+13.429","milliseconds":"1603488","fastestLap":"4","fastestLapTime":"1:08.979","statusId":"1"},{"resultId":"85","raceId":"1084","driverId":"815","constructorId":"9","number":"11","grid":"13","position":"5","positionText":"5","positionOrder":"5","points":"4","laps":"23","time":"+18.302","milliseconds":"1608361","fastestLap":"14","fastestLapTime":"1:09.137","statusId":"1"},{"resultId":"86","raceId":"1084","driverId":"839","constructorId":"214","number":"31","grid":"5","position":"6","positionText":"6","positionOrder":"6","points":"3","laps":"23","time":"+31.032","milliseconds":"1621091","fastestLap":"4","fastestLapTime":"1:09.384","statusId":"1"},{"resultId":"87","raceId":"1084","driverId":"825","constructorId":"210","number":"20","grid":"6","position":"7","positionText":"7","positionOrder":"7","points":"2","laps":"23","time":"+34.539","milliseconds":"1624598","fastestLap":"4","fastestLapTime":"1:09.232","statusId":"1"},{"resultId":"88","raceId":"1084","driverId":"1","constructorId":"131","number":"44","grid":"9","position":"8","positionText":"8","positionOrder":"8","points":"1","laps":"23","time":"+35.447","milliseconds":"1625506","fastestLap":"7","fastestLapTime":"1:09.516","statusId":"1"},{"resultId":"89","raceId":"1084","driverId":"854","constructorId":"210","number":"47","grid":"7","position":"9","positionText":"9","positionOrder":"9","points":"0","laps":"23","time":"+37.163","milliseconds":"1627222","fastestLap":"4","fastestLapTime":"1:09.457","statusId":"1"},{"resultId":"90","raceId":"1084","driverId":"822","constructorId":"51","number":"77","grid":"12","position":"10","positionText":"10","positionOrder":"10","points":"0","laps":"23","time":"+37.557","milliseconds":"1627616","fastestLap":"4","fastestLapTime":"1:09.674","statusId":"1"},{"resultId":"91","raceId":"1084","driverId":"846","constructorId":"1","number":"4","grid":"15","position":"11","positionText":"11","positionOrder":"11","points":"0","laps":"23","time":"+38.580","milliseconds":"1628639","fastestLap":"8","fastestLapTime":"1:09.909","statusId":"1"},{"resultId":"92","raceId":"1084","driverId":"817","constructorId":"1","number":"3","grid":"16","position":"12","positionText":"12","positionOrder":"12","points":"0","laps":"23","time":"+39.738","milliseconds":"1629797","fastestLap":"8","fastestLapTime":"1:09.996","statusId":"1"},{"resultId":"93","raceId":"1084","driverId":"840","constructorId":"117","number":"18","grid":"17","position":"13","positionText":"13","positionOrder":"13","points":"0","laps":"23","time":"+48.241","milliseconds":"1638300","fastestLap":"4","fastestLapTime":"1:10.295","statusId":"1"},{"resultId":"94","raceId":"1084","driverId":"855","constructorId":"51","number":"24","grid":"18","position":"14","positionText":"14","positionOrder":"14","points":"0","laps":"23","time":"+50.753","milliseconds":"1640812","fastestLap":"11","fastestLapTime":"1:10.165","statusId":"1"},{"resultId":"95","raceId":"1084","driverId":"842","constructorId":"213","number":"10","grid":"10","position":"15","positionText":"15","positionOrder":"15","points":"0","laps":"23","time":"+52.125","milliseconds":"1642184","fastestLap":"4","fastestLapTime":"1:10.409","statusId":"1"},{"resultId":"96","raceId":"1084","driverId":"848","constructorId":"3","number":"23","grid":"11","position":"16","positionText":"16","positionOrder":"16","points":"0","laps":"23","time":"+52.412","milliseconds":"1642471","fastestLap":"5","fastestLapTime":"1:10.367","statusId":"1"},{"resultId":"97","raceId":"1084","driverId":"852","constructorId":"213","number":"22","grid":"14","position":"17","positionText":"17","positionOrder":"17","points":"0","laps":"23","time":"+54.556","milliseconds":"1644615","fastestLap":"4","fastestLapTime":"1:10.267","statusId":"1"},{"resultId":"98","raceId":"1084","driverId":"849","constructorId":"3","number":"6","grid":"19","position":"18","positionText":"18","positionOrder":"18","points":"0","laps":"23","time":"+1:08.694","milliseconds":"1658753","fastestLap":"4","fastestLapTime":"1:10.284","statusId":"1"},{"resultId":"99","raceId":"1084","driverId":"20","constructorId":"117","number":"5","grid":"20","position":"19","positionText":"19","positionOrder":"19","points":"0","laps":"21","time":"\\N","milliseconds":"\\N","fastestLap":"4","fastestLapTime":"1:10.317","statusId":"130"},{"resultId":"100","raceId":"1084","driverId":"4","constructorId":"214","number":"14","grid":"8","position":"\\N","positionText":"N","positionOrder":"20","points":"0","laps":"0","time":"\\N","milliseconds":"\\N","fastestLap":"\\N","fastestLapTime":"\\N","statusId":"10"},{"resultId":"101","raceId":"1095","driverId":"847","constructorId":"131","number":"63","grid":"3","position":"1","positionText":"1","positionOrder":"1","points":"8","laps":"24","time":"30:11.307","milliseconds":"1811307","fastestLap":"4","fastestLapTime":"1:14.233","statusId":"1"},{"resultId":"102","raceId":"1095","driverId":"832","constructorId":"6","number":"55","grid":"5","position":"2","positionText":"2","positionOrder":"2","points":"7","laps":"24","time":"+3.995","milliseconds":"1815302","fastestLap":"2","fastestLapTime":"1:14.522","statusId":"1"},{"resultId":"103","raceId":"1095","driverId":"1","constructorId":"131","number":"44","grid":"8","position":"3","positionText":"3","positionOrder":"3","points":"6","laps":"24","time":"+4.492","milliseconds":"1815799","fastestLap":"3","fastestLapTime":"1:14.317","statusId":"1"},{"resultId":"104","raceId":"1095","driverId":"830","constructorId":"9","number":"1","grid":"2","position":"4","positionText":"4","positionOrder":"4","points":"5","laps":"24","time":"+10.494","milliseconds":"1821801","fastestLap":"5","fastestLapTime":"1:14.507","statusId":"1"},{"resultId":"105","raceId":"1095","driverId":"815","constructorId":"9","number":"11","grid":"9","position":"5","positionText":"5","positionOrder":"5","points":"4","laps":"24","time":"+11.855","milliseconds":"1823162","fastestLap":"5","fastestLapTime":"1:14.699","statusId":"1"},{"resultId":"106","raceId":"1095","driverId":"844","constructorId":"6","number":"16","grid":"10","position":"6","positionText":"6","positionOrder":"6","points":"3","laps":"24","time":"+13.133","milliseconds":"1824440","fastestLap":"4","fastestLapTime":"1:15.236","statusId":"1"},{"resultId":"107","raceId":"1095","driverId":"846","constructorId":"1","number":"4","grid":"4","position":"7","positionText":"7","positionOrder":"7","points":"2","laps":"24","time":"+25.624","milliseconds":"1836931","fastestLap":"4","fastestLapTime":"1:15.380","statusId":"1"},{"resultId":"108","raceId":"1095","driverId":"825","constructorId":"210","number":"20","grid":"1","position":"8","positionText":"8","positionOrder":"8","points":"1","laps":"24","time":"+28.768","milliseconds":"1840075","fastestLap":"2","fastestLapTime":"1:15.110","statusId":"1"},{"resultId":"109","raceId":"1095","driverId":"20","constructorId":"117","number":"5","grid":"13","position":"9","positionText":"9","positionOrder":"9","points":"0","laps":"24","time":"+30.218","milliseconds":"1841525","fastestLap":"4","fastestLapTime":"1:15.451","statusId":"1"},{"resultId":"110","raceId":"1095","driverId":"842","constructorId":"213","number":"10","grid":"12","position":"10","positionText":"10","positionOrder":"10","points":"0","laps":"24","time":"+34.170","milliseconds":"1845477","fastestLap":"3","fastestLapTime":"1:15.290","statusId":"1"},{"resultId":"111","raceId":"1095","driverId":"817","constructorId":"1","number":"3","grid":"14","position":"11","positionText":"11","positionOrder":"11","points":"0","laps":"24","time":"+39.395","milliseconds":"1850702","fastestLap":"5","fastestLapTime":"1:15.385","statusId":"1"},{"resultId":"112","raceId":"1095","driverId":"854","constructorId":"210","number":"47","grid":"20","position":"12","positionText":"12","positionOrder":"12","points":"0","laps":"24","time":"+41.159","milliseconds":"1852466","fastestLap":"5","fastestLapTime":"1:15.771","statusId":"1"},{"resultId":"113","raceId":"1095","driverId":"855","constructorId":"51","number":"24","grid":"17","position":"13","positionText":"13","positionOrder":"13","points":"0","laps":"24","time":"+41.763","milliseconds":"1853070","fastestLap":"7","fastestLapTime":"1:15.765","statusId":"1"},{"resultId":"114","raceId":"1095","driverId":"822","constructorId":"51","number":"77","grid":"18","position":"14","positionText":"14","positionOrder":"14","points":"0","laps":"24","time":"+42.338","milliseconds":"1853645","fastestLap":"8","fastestLapTime":"1:15.980","statusId":"1"},{"resultId":"115","raceId":"1095","driverId":"852","constructorId":"213","number":"22","grid":"19","position":"15","positionText":"15","positionOrder":"15","points":"0","laps":"24","time":"+50.306","milliseconds":"1861613","fastestLap":"4","fastestLapTime":"1:16.413","statusId":"1"},{"resultId":"116","raceId":"1095","driverId":"840","constructorId":"117","number":"18","grid":"15","position":"16","positionText":"16","positionOrder":"16","points":"0","laps":"24","time":"+50.700","milliseconds":"1862007","fastestLap":"4","fastestLapTime":"1:15.425","statusId":"1"},{"resultId":"117","raceId":"1095","driverId":"839","constructorId":"214","number":"31","grid":"6","position":"17","positionText":"17","positionOrder":"17","points":"0","laps":"24","time":"+51.756","milliseconds":"1863063","fastestLap":"5","fastestLapTime":"1:16.097","statusId":"1"},{"resultId":"118","raceId":"1095","driverId":"4","constructorId":"214","number":"14","grid":"7","position":"18","positionText":"18","positionOrder":"18","points":"0","laps":"24","time":"+53.985","milliseconds":"1865292","fastestLap":"5","fastestLapTime":"1:14.764","statusId":"1"},{"resultId":"119","raceId":"1095","driverId":"849","constructorId":"3","number":"6","grid":"16","position":"19","positionText":"19","positionOrder":"19","points":"0","laps":"24","time":"+1:16.850","milliseconds":"1888157","fastestLap":"4","fastestLapTime":"1:16.525","statusId":"1"},{"resultId":"120","raceId":"1095","driverId":"848","constructorId":"3","number":"23","grid":"11","position":"\\N","positionText":"R","positionOrder":"20","points":"0","laps":"12","time":"\\N","milliseconds":"\\N","fastestLap":"4","fastestLapTime":"1:15.998","statusId":"31"},{"resultId":"121","raceId":"1101","driverId":"815","constructorId":"9","number":"11","grid":"2","position":"1","positionText":"1","positionOrder":"1","points":"8","laps":"17","time":"33:17.667","milliseconds":"1997667","fastestLap":"11","fastestLapTime":"1:43.616","statusId":"1"},{"resultId":"122","raceId":"1101","driverId":"844","constructorId":"6","number":"16","grid":"1","position":"2","positionText":"2","positionOrder":"2","points":"7","laps":"17","time":"+4.463","milliseconds":"2002130","fastestLap":"12","fastestLapTime":"1:43.646","statusId":"1"},{"resultId":"123","raceId":"1101","driverId":"830","constructorId":"9","number":"1","grid":"3","position":"3","positionText":"3","positionOrder":"3","points":"6","laps":"17","time":"+5.065","milliseconds":"2002732","fastestLap":"10","fastestLapTime":"1:43.723","statusId":"1"},{"resultId":"124","raceId":"1101","driverId":"847","constructorId":"131","number":"63","grid":"4","position":"4","positionText":"4","positionOrder":"4","points":"5","laps":"17","time":"+3.467","milliseconds":"2001134","fastestLap":"10","fastestLapTime":"1:44.409","statusId":"1"},{"resultId":"125","raceId":"1101","driverId":"832","constructorId":"6","number":"55","grid":"5","position":"5","positionText":"5","positionOrder":"5","points":"4","laps":"17","time":"+10.388","milliseconds":"2008055","fastestLap":"11","fastestLapTime":"1:44.398","statusId":"1"},{"resultId":"126","raceId":"1101","driverId":"4","constructorId":"117","number":"14","grid":"8","position":"6","positionText":"6","positionOrder":"6","points":"3","laps":"17","time":"+11.613","milliseconds":"2009280","fastestLap":"12","fastestLapTime":"1:44.544","statusId":"1"},{"resultId":"127","raceId":"1101","driverId":"1","constructorId":"131","number":"44","grid":"6","position":"7","positionText":"7","positionOrder":"7","points":"2","laps":"17","time":"+4.890","milliseconds":"2002557","fastestLap":"8","fastestLapTime":"1:44.601","statusId":"1"},{"resultId":"128","raceId":"1101","driverId":"840","constructorId":"117","number":"18","grid":"9","position":"8","positionText":"8","positionOrder":"8","points":"1","laps":"17","time":"+18.417","milliseconds":"2016084","fastestLap":"14","fastestLapTime":"1:44.855","statusId":"1"},{"resultId":"129","raceId":"1101","driverId":"848","constructorId":"3","number":"23","grid":"7","position":"9","positionText":"9","positionOrder":"9","points":"0","laps":"17","time":"+21.757","milliseconds":"2019424","fastestLap":"10","fastestLapTime":"1:44.915","statusId":"1"},{"resultId":"130","raceId":"1101","driverId":"857","constructorId":"1","number":"81","grid":"11","position":"10","positionText":"10","positionOrder":"10","points":"0","laps":"17","time":"+22.851","milliseconds":"2020518","fastestLap":"8","fastestLapTime":"1:44.776","statusId":"1"},{"resultId":"131","raceId":"1101","driverId":"825","constructorId":"210","number":"20","grid":"13","position":"11","positionText":"11","positionOrder":"11","points":"0","laps":"17","time":"+27.990","milliseconds":"2025657","fastestLap":"14","fastestLapTime":"1:45.349","statusId":"1"},{"resultId":"132","raceId":"1101","driverId":"855","constructorId":"51","number":"24","grid":"14","position":"12","positionText":"12","positionOrder":"12","points":"0","laps":"17","time":"+34.602","milliseconds":"2032269","fastestLap":"16","fastestLapTime":"1:45.766","statusId":"1"},{"resultId":"133","raceId":"1101","driverId":"842","constructorId":"214","number":"10","grid":"17","position":"13","positionText":"13","positionOrder":"13","points":"0","laps":"17","time":"+36.918","milliseconds":"2034585","fastestLap":"12","fastestLapTime":"1:45.883","statusId":"1"},{"resultId":"134","raceId":"1101","driverId":"856","constructorId":"213","number":"21","grid":"18","position":"14","positionText":"14","positionOrder":"14","points":"0","laps":"17","time":"+41.626","milliseconds":"2039293","fastestLap":"17","fastestLapTime":"1:45.768","statusId":"1"},{"resultId":"135","raceId":"1101","driverId":"807","constructorId":"210","number":"27","grid":"12","position":"15","positionText":"15","positionOrder":"15","points":"0","laps":"17","time":"+48.587","milliseconds":"2046254","fastestLap":"8","fastestLapTime":"1:45.971","statusId":"1"},{"resultId":"136","raceId":"1101","driverId":"822","constructorId":"51","number":"77","grid":"15","position":"16","positionText":"16","positionOrder":"16","points":"0","laps":"17","time":"+49.917","milliseconds":"2047584","fastestLap":"9","fastestLapTime":"1:46.277","statusId":"1"},{"resultId":"137","raceId":"1101","driverId":"846","constructorId":"1","number":"4","grid":"10","position":"17","positionText":"17","positionOrder":"17","points":"0","laps":"17","time":"+51.104","milliseconds":"2048771","fastestLap":"15","fastestLapTime":"1:44.484","statusId":"1"},{"resultId":"138","raceId":"1101","driverId":"839","constructorId":"214","number":"31","grid":"0","position":"18","positionText":"18","positionOrder":"18","points":"0","laps":"17","time":"+1:00.621","milliseconds":"2058288","fastestLap":"15","fastestLapTime":"1:45.090","statusId":"1"},{"resultId":"139","raceId":"1101","driverId":"852","constructorId":"213","number":"22","grid":"16","position":"\\N","positionText":"R","positionOrder":"19","points":"0","laps":"2","time":"\\N","milliseconds":"\\N","fastestLap":"\\N","fastestLapTime":"\\N","statusId":"130"},{"resultId":"140","raceId":"1101","driverId":"858","constructorId":"3","number":"2","grid":"0","position":"\\N","positionText":"W","positionOrder":"20","points":"0","laps":"0","time":"\\N","milliseconds":"\\N","fastestLap":"\\N","fastestLapTime":"\\N","statusId":"3"},{"resultId":"141","raceId":"1107","driverId":"830","constructorId":"9","number":"1","grid":"1","position":"1","positionText":"1","positionOrder":"1","points":"8","laps":"24","time":"30:26.730","milliseconds":"1826730","fastestLap":"19","fastestLapTime":"1:14.292","statusId":"1"},{"resultId":"142","raceId":"1107","driverId":"815","constructorId":"9","number":"11","grid":"2","position":"2","positionText":"2","positionOrder":"2","points":"7","laps":"24","time":"+21.048","milliseconds":"1847778","fastestLap":"16","fastestLapTime":"1:15.492","statusId":"1"},{"resultId":"143","raceId":"1107","driverId":"832","constructorId":"6","number":"55","grid":"5","position":"3","positionText":"3","positionOrder":"3","points":"6","laps":"24","time":"+23.088","milliseconds":"1849818","fastestLap":"16","fastestLapTime":"1:15.457","statusId":"1"},{"resultId":"144","raceId":"1107","driverId":"840","constructorId":"117","number":"18","grid":"7","position":"4","positionText":"4","positionOrder":"4","points":"5","laps":"24","time":"+29.703","milliseconds":"1856433","fastestLap":"23","fastestLapTime":"1:15.531","statusId":"1"},{"resultId":"145","raceId":"1107","driverId":"4","constructorId":"117","number":"14","grid":"6","position":"5","positionText":"5","positionOrder":"5","points":"4","laps":"24","time":"+30.109","milliseconds":"1856839","fastestLap":"18","fastestLapTime":"1:14.978","statusId":"1"},{"resultId":"146","raceId":"1107","driverId":"807","constructorId":"210","number":"27","grid":"4","position":"6","positionText":"6","positionOrder":"6","points":"3","laps":"24","time":"+31.297","milliseconds":"1858027","fastestLap":"24","fastestLapTime":"1:10.180","statusId":"1"},{"resultId":"147","raceId":"1107","driverId":"839","constructorId":"214","number":"31","grid":"8","position":"7","positionText":"7","positionOrder":"7","points":"2","laps":"24","time":"+36.602","milliseconds":"1863332","fastestLap":"22","fastestLapTime":"1:15.512","statusId":"1"},{"resultId":"148","raceId":"1107","driverId":"847","constructorId":"131","number":"63","grid":"15","position":"8","positionText":"8","positionOrder":"8","points":"1","laps":"24","time":"+36.611","milliseconds":"1863341","fastestLap":"23","fastestLapTime":"1:10.385","statusId":"1"},{"resultId":"149","raceId":"1107","driverId":"846","constructorId":"1","number":"4","grid":"3","position":"9","positionText":"9","positionOrder":"9","points":"0","laps":"24","time":"+38.608","milliseconds":"1865338","fastestLap":"19","fastestLapTime":"1:15.627","statusId":"1"},{"resultId":"150","raceId":"1107","driverId":"1","constructorId":"131","number":"44","grid":"18","position":"10","positionText":"10","positionOrder":"10","points":"0","laps":"24","time":"+46.375","milliseconds":"1873105","fastestLap":"24","fastestLapTime":"1:10.775","statusId":"1"},{"resultId":"151","raceId":"1107","driverId":"857","constructorId":"1","number":"81","grid":"17","position":"11","positionText":"11","positionOrder":"11","points":"0","laps":"24","time":"+49.807","milliseconds":"1876537","fastestLap":"24","fastestLapTime":"1:10.274","statusId":"1"},{"resultId":"152","raceId":"1107","driverId":"844","constructorId":"6","number":"16","grid":"9","position":"12","positionText":"12","positionOrder":"12","points":"0","laps":"24","time":"+50.789","milliseconds":"1877519","fastestLap":"24","fastestLapTime":"1:10.686","statusId":"1"},{"resultId":"153","raceId":"1107","driverId":"848","constructorId":"3","number":"23","grid":"11","position":"13","positionText":"13","positionOrder":"13","points":"0","laps":"24","time":"+52.848","milliseconds":"1879578","fastestLap":"24","fastestLapTime":"1:11.635","statusId":"1"},{"resultId":"154","raceId":"1107","driverId":"825","constructorId":"210","number":"20","grid":"10","position":"14","positionText":"14","positionOrder":"14","points":"0","laps":"24","time":"+56.593","milliseconds":"1883323","fastestLap":"23","fastestLapTime":"1:10.539","statusId":"1"},{"resultId":"155","raceId":"1107","driverId":"842","constructorId":"214","number":"10","grid":"12","position":"15","positionText":"15","positionOrder":"15","points":"0","laps":"24","time":"+57.652","milliseconds":"1884382","fastestLap":"22","fastestLapTime":"1:16.109","statusId":"1"},{"resultId":"156","raceId":"1107","driverId":"852","constructorId":"213","number":"22","grid":"13","position":"16","positionText":"16","positionOrder":"16","points":"0","laps":"24","time":"+1:04.822","milliseconds":"1891552","fastestLap":"23","fastestLapTime":"1:11.363","statusId":"1"},{"resultId":"157","raceId":"1107","driverId":"856","constructorId":"213","number":"21","grid":"14","position":"17","positionText":"17","positionOrder":"17","points":"0","laps":"24","time":"+1:05.617","milliseconds":"1892347","fastestLap":"22","fastestLapTime":"1:11.701","statusId":"1"},{"resultId":"158","raceId":"1107","driverId":"858","constructorId":"3","number":"2","grid":"20","position":"18","positionText":"18","positionOrder":"18","points":"0","laps":"24","time":"+1:06.059","milliseconds":"1892789","fastestLap":"21","fastestLapTime":"1:11.829","statusId":"1"},{"resultId":"159","raceId":"1107","driverId":"855","constructorId":"51","number":"24","grid":"16","position":"19","positionText":"19","positionOrder":"19","points":"0","laps":"24","time":"+1:10.825","milliseconds":"1897555","fastestLap":"22","fastestLapTime":"1:11.305","statusId":"1"},{"resultId":"160","raceId":"1107","driverId":"822","constructorId":"51","number":"77","grid":"0","position":"20","positionText":"20","positionOrder":"20","points":"0","laps":"24","time":"+1:16.435","milliseconds":"1903165","fastestLap":"22","fastestLapTime":"1:16.758","statusId":"1"},{"resultId":"161","raceId":"1110","driverId":"830","constructorId":"9","number":"1","grid":"1","position":"1","positionText":"1","positionOrder":"1","points":"8","laps":"11","time":"24:58.433","milliseconds":"1498433","fastestLap":"6","fastestLapTime":"1:58.943","statusId":"1"},{"resultId":"162","raceId":"1110","driverId":"857","constructorId":"1","number":"81","grid":"2","position":"2","positionText":"2","positionOrder":"2","points":"7","laps":"11","time":"+6.677","milliseconds":"1505110","fastestLap":"2","fastestLapTime":"2:00.360","statusId":"1"},{"resultId":"163","raceId":"1110","driverId":"842","constructorId":"214","number":"10","grid":"6","position":"3","positionText":"3","positionOrder":"3","points":"6","laps":"11","time":"+10.733","milliseconds":"1509166","fastestLap":"6","fastestLapTime":"2:01.857","statusId":"1"},{"resultId":"164","raceId":"1110","driverId":"832","constructorId":"6","number":"55","grid":"3","position":"4","positionText":"4","positionOrder":"4","points":"5","laps":"11","time":"+12.648","milliseconds":"1511081","fastestLap":"7","fastestLapTime":"2:01.472","statusId":"1"},{"resultId":"165","raceId":"1110","driverId":"844","constructorId":"6","number":"16","grid":"4","position":"5","positionText":"5","positionOrder":"5","points":"4","laps":"11","time":"+15.016","milliseconds":"1513449","fastestLap":"7","fastestLapTime":"2:02.635","statusId":"1"},{"resultId":"166","raceId":"1110","driverId":"846","constructorId":"1","number":"4","grid":"5","position":"6","positionText":"6","positionOrder":"6","points":"3","laps":"11","time":"+16.052","milliseconds":"1514485","fastestLap":"8","fastestLapTime":"2:02.085","statusId":"1"},{"resultId":"167","raceId":"1110","driverId":"1","constructorId":"131","number":"44","grid":"7","position":"7","positionText":"7","positionOrder":"7","points":"2","laps":"11","time":"+16.757","milliseconds":"1515190","fastestLap":"7","fastestLapTime":"2:00.920","statusId":"1"},{"resultId":"168","raceId":"1110","driverId":"847","constructorId":"131","number":"63","grid":"10","position":"8","positionText":"8","positionOrder":"8","points":"1","laps":"11","time":"+16.822","milliseconds":"1515255","fastestLap":"10","fastestLapTime":"2:01.935","statusId":"1"},{"resultId":"169","raceId":"1110","driverId":"839","constructorId":"214","number":"31","grid":"9","position":"9","positionText":"9","positionOrder":"9","points":"0","laps":"11","time":"+22.410","milliseconds":"1520843","fastestLap":"6","fastestLapTime":"2:03.061","statusId":"1"},{"resultId":"170","raceId":"1110","driverId":"817","constructorId":"213","number":"3","grid":"11","position":"10","positionText":"10","positionOrder":"10","points":"0","laps":"11","time":"+22.806","milliseconds":"1521239","fastestLap":"8","fastestLapTime":"2:02.967","statusId":"1"},{"resultId":"171","raceId":"1110","driverId":"840","constructorId":"117","number":"18","grid":"14","position":"11","positionText":"11","positionOrder":"11","points":"0","laps":"11","time":"+25.007","milliseconds":"1523440","fastestLap":"6","fastestLapTime":"2:03.356","statusId":"1"},{"resultId":"172","raceId":"1110","driverId":"848","constructorId":"3","number":"23","grid":"12","position":"12","positionText":"12","positionOrder":"12","points":"0","laps":"11","time":"+26.303","milliseconds":"1524736","fastestLap":"6","fastestLapTime":"2:03.674","statusId":"1"},{"resultId":"173","raceId":"1110","driverId":"822","constructorId":"51","number":"77","grid":"17","position":"13","positionText":"13","positionOrder":"13","points":"0","laps":"11","time":"+27.006","milliseconds":"1525439","fastestLap":"6","fastestLapTime":"2:03.595","statusId":"1"},{"resultId":"174","raceId":"1110","driverId":"825","constructorId":"210","number":"20","grid":"18","position":"14","positionText":"14","positionOrder":"14","points":"0","laps":"11","time":"+32.986","milliseconds":"1531419","fastestLap":"6","fastestLapTime":"2:03.965","statusId":"1"},{"resultId":"175","raceId":"1110","driverId":"855","constructorId":"51","number":"24","grid":"19","position":"15","positionText":"15","positionOrder":"15","points":"0","laps":"11","time":"+36.342","milliseconds":"1534775","fastestLap":"6","fastestLapTime":"2:04.760","statusId":"1"},{"resultId":"176","raceId":"1110","driverId":"858","constructorId":"3","number":"2","grid":"13","position":"16","positionText":"16","positionOrder":"16","points":"0","laps":"11","time":"+37.571","milliseconds":"1536004","fastestLap":"6","fastestLapTime":"2:03.482","statusId":"1"},{"resultId":"177","raceId":"1110","driverId":"807","constructorId":"210","number":"27","grid":"20","position":"17","positionText":"17","positionOrder":"17","points":"0","laps":"11","time":"+37.827","milliseconds":"1536260","fastestLap":"6","fastestLapTime":"2:03.472","statusId":"1"},{"resultId":"178","raceId":"1110","driverId":"852","constructorId":"213","number":"22","grid":"16","position":"18","positionText":"18","positionOrder":"18","points":"0","laps":"11","time":"+39.267","milliseconds":"1537700","fastestLap":"7","fastestLapTime":"2:02.080","statusId":"1"},{"resultId":"179","raceId":"1110","driverId":"815","constructorId":"9","number":"11","grid":"8","position":"\\N","positionText":"R","positionOrder":"19","points":"0","laps":"8","time":"\\N","milliseconds":"\\N","fastestLap":"2","fastestLapTime":"2:02.516","statusId":"130"},{"resultId":"180","raceId":"1110","driverId":"4","constructorId":"117","number":"14","grid":"15","position":"\\N","positionText":"R","positionOrder":"20","points":"0","laps":"2","time":"\\N","milliseconds":"\\N","fastestLap":"\\N","fastestLapTime":"\\N","statusId":"3"},{"resultId":"181","raceId":"1115","driverId":"857","constructorId":"1","number":"81","grid":"1","position":"1","positionText":"1","positionOrder":"1","points":"8","laps":"19","time":"35:01.297","milliseconds":"2101297","fastestLap":"17","fastestLapTime":"1:25.926","statusId":"1"},{"resultId":"182","raceId":"1115","driverId":"830","constructorId":"9","number":"1","grid":"3","position":"2","positionText":"2","positionOrder":"2","points":"7","laps":"19","time":"+1.871","milliseconds":"2103168","fastestLap":"17","fastestLapTime":"1:25.604","statusId":"1"},{"resultId":"183","raceId":"1115","driverId":"846","constructorId":"1","number":"4","grid":"2","position":"3","positionText":"3","positionOrder":"3","points":"6","laps":"19","time":"+8.497","milliseconds":"2109794","fastestLap":"19","fastestLapTime":"1:25.662","statusId":"1"},{"resultId":"184","raceId":"1115","driverId":"847","constructorId":"131","number":"63","grid":"4","position":"4","positionText":"4","positionOrder":"4","points":"5","laps":"19","time":"+11.036","milliseconds":"2112333","fastestLap":"18","fastestLapTime":"1:27.220","statusId":"1"},{"resultId":"185","raceId":"1115","driverId":"1","constructorId":"131","number":"44","grid":"12","position":"5","positionText":"5","positionOrder":"5","points":"4","laps":"19","time":"+17.314","milliseconds":"2118611","fastestLap":"19","fastestLapTime":"1:27.968","statusId":"1"},{"resultId":"186","raceId":"1115","driverId":"832","constructorId":"6","number":"55","grid":"5","position":"6","positionText":"6","positionOrder":"6","points":"3","laps":"19","time":"+18.806","milliseconds":"2120103","fastestLap":"7","fastestLapTime":"1:28.644","statusId":"1"},{"resultId":"187","raceId":"1115","driverId":"848","constructorId":"3","number":"23","grid":"17","position":"7","positionText":"7","positionOrder":"7","points":"2","laps":"19","time":"+19.864","milliseconds":"2121161","fastestLap":"16","fastestLapTime":"1:28.717","statusId":"1"},{"resultId":"188","raceId":"1115","driverId":"4","constructorId":"117","number":"14","grid":"9","position":"8","positionText":"8","positionOrder":"8","points":"1","laps":"19","time":"+21.180","milliseconds":"2122477","fastestLap":"16","fastestLapTime":"1:28.717","statusId":"1"},{"resultId":"189","raceId":"1115","driverId":"842","constructorId":"214","number":"10","grid":"11","position":"9","positionText":"9","positionOrder":"9","points":"0","laps":"19","time":"+21.742","milliseconds":"2123039","fastestLap":"16","fastestLapTime":"1:28.769","statusId":"1"},{"resultId":"190","raceId":"1115","driverId":"822","constructorId":"51","number":"77","grid":"13","position":"10","positionText":"10","positionOrder":"10","points":"0","laps":"19","time":"+22.208","milliseconds":"2123505","fastestLap":"17","fastestLapTime":"1:29.017","statusId":"1"},{"resultId":"191","raceId":"1115","driverId":"852","constructorId":"213","number":"22","grid":"18","position":"11","positionText":"11","positionOrder":"11","points":"0","laps":"19","time":"+22.863","milliseconds":"2124160","fastestLap":"17","fastestLapTime":"1:29.381","statusId":"1"},{"resultId":"192","raceId":"1115","driverId":"844","constructorId":"6","number":"16","grid":"6","position":"12","positionText":"12","positionOrder":"12","points":"0","laps":"19","time":"+24.860","milliseconds":"2126157","fastestLap":"8","fastestLapTime":"1:28.759","statusId":"1"},{"resultId":"193","raceId":"1115","driverId":"840","constructorId":"117","number":"18","grid":"16","position":"13","positionText":"13","positionOrder":"13","points":"0","laps":"19","time":"+24.523","milliseconds":"2125820","fastestLap":"17","fastestLapTime":"1:29.536","statusId":"1"},{"resultId":"194","raceId":"1115","driverId":"825","constructorId":"210","number":"20","grid":"19","position":"14","positionText":"14","positionOrder":"14","points":"0","laps":"19","time":"+24.970","milliseconds":"2126267","fastestLap":"17","fastestLapTime":"1:29.560","statusId":"1"},{"resultId":"195","raceId":"1115","driverId":"855","constructorId":"51","number":"24","grid":"15","position":"15","positionText":"15","positionOrder":"15","points":"0","laps":"19","time":"+26.868","milliseconds":"2128165","fastestLap":"17","fastestLapTime":"1:29.553","statusId":"1"},{"resultId":"196","raceId":"1115","driverId":"807","constructorId":"210","number":"27","grid":"7","position":"\\N","positionText":"R","positionOrder":"16","points":"0","laps":"11","time":"\\N","milliseconds":"\\N","fastestLap":"9","fastestLapTime":"1:29.307","statusId":"31"},{"resultId":"197","raceId":"1115","driverId":"839","constructorId":"214","number":"31","grid":"10","position":"\\N","positionText":"R","positionOrder":"17","points":"0","laps":"10","time":"\\N","milliseconds":"\\N","fastestLap":"8","fastestLapTime":"1:29.388","statusId":"31"},{"resultId":"198","raceId":"1115","driverId":"815","constructorId":"9","number":"11","grid":"8","position":"\\N","positionText":"R","positionOrder":"18","points":"0","laps":"10","time":"\\N","milliseconds":"\\N","fastestLap":"9","fastestLapTime":"1:28.584","statusId":"31"},{"resultId":"199","raceId":"1115","driverId":"858","constructorId":"3","number":"2","grid":"20","position":"\\N","positionText":"R","positionOrder":"19","points":"0","laps":"2","time":"\\N","milliseconds":"\\N","fastestLap":"2","fastestLapTime":"2:03.562","statusId":"31"},{"resultId":"200","raceId":"1115","driverId":"859","constructorId":"213","number":"40","grid":"14","position":"\\N","positionText":"R","positionOrder":"20","points":"0","laps":"0","time":"\\N","milliseconds":"\\N","fastestLap":"\\N","fastestLapTime":"\\N","statusId":"31"},{"resultId":"201","raceId":"1116","driverId":"830","constructorId":"9","number":"1","grid":"1","position":"1","positionText":"1","positionOrder":"1","points":"8","laps":"19","time":"31:30.849","milliseconds":"1890849","fastestLap":"2","fastestLapTime":"1:39.060","statusId":"1"},{"resultId":"202","raceId":"1116","driverId":"1","constructorId":"131","number":"44","grid":"3","position":"2","positionText":"2","positionOrder":"2","points":"7","laps":"19","time":"+9.465","milliseconds":"1900314","fastestLap":"3","fastestLapTime":"1:39.138","statusId":"1"},{"resultId":"203","raceId":"1116","driverId":"844","constructorId":"6","number":"16","grid":"2","position":"3","positionText":"3","positionOrder":"3","points":"6","laps":"19","time":"+17.987","milliseconds":"1908836","fastestLap":"3","fastestLapTime":"1:39.634","statusId":"1"},{"resultId":"204","raceId":"1116","driverId":"846","constructorId":"1","number":"4","grid":"4","position":"4","positionText":"4","positionOrder":"4","points":"5","laps":"19","time":"+18.863","milliseconds":"1909712","fastestLap":"15","fastestLapTime":"1:39.795","statusId":"1"},{"resultId":"205","raceId":"1116","driverId":"815","constructorId":"9","number":"11","grid":"7","position":"5","positionText":"5","positionOrder":"5","points":"4","laps":"19","time":"+22.928","milliseconds":"1913777","fastestLap":"6","fastestLapTime":"1:39.824","statusId":"1"},{"resultId":"206","raceId":"1116","driverId":"832","constructorId":"6","number":"55","grid":"6","position":"6","positionText":"6","positionOrder":"6","points":"3","laps":"19","time":"+28.307","milliseconds":"1919156","fastestLap":"5","fastestLapTime":"1:40.223","statusId":"1"},{"resultId":"207","raceId":"1116","driverId":"842","constructorId":"214","number":"10","grid":"9","position":"7","positionText":"7","positionOrder":"7","points":"2","laps":"19","time":"+32.403","milliseconds":"1923252","fastestLap":"5","fastestLapTime":"1:40.155","statusId":"1"},{"resultId":"208","raceId":"1116","driverId":"847","constructorId":"131","number":"63","grid":"11","position":"8","positionText":"8","positionOrder":"8","points":"1","laps":"19","time":"+34.250","milliseconds":"1925099","fastestLap":"10","fastestLapTime":"1:40.253","statusId":"1"},{"resultId":"209","raceId":"1116","driverId":"848","constructorId":"3","number":"23","grid":"8","position":"9","positionText":"9","positionOrder":"9","points":"0","laps":"19","time":"+34.567","milliseconds":"1925416","fastestLap":"17","fastestLapTime":"1:40.094","statusId":"1"},{"resultId":"210","raceId":"1116","driverId":"857","constructorId":"1","number":"81","grid":"5","position":"10","positionText":"10","positionOrder":"10","points":"0","laps":"19","time":"+42.403","milliseconds":"1933252","fastestLap":"16","fastestLapTime":"1:41.037","statusId":"1"},{"resultId":"211","raceId":"1116","driverId":"839","constructorId":"214","number":"31","grid":"13","position":"11","positionText":"11","positionOrder":"11","points":"0","laps":"19","time":"+44.986","milliseconds":"1935835","fastestLap":"15","fastestLapTime":"1:41.013","statusId":"1"},{"resultId":"212","raceId":"1116","driverId":"817","constructorId":"213","number":"3","grid":"10","position":"12","positionText":"12","positionOrder":"12","points":"0","laps":"19","time":"+45.509","milliseconds":"1936358","fastestLap":"14","fastestLapTime":"1:40.434","statusId":"1"},{"resultId":"213","raceId":"1116","driverId":"4","constructorId":"117","number":"14","grid":"12","position":"13","positionText":"13","positionOrder":"13","points":"0","laps":"19","time":"+49.086","milliseconds":"1939935","fastestLap":"16","fastestLapTime":"1:40.805","statusId":"1"},{"resultId":"214","raceId":"1116","driverId":"852","constructorId":"213","number":"22","grid":"19","position":"14","positionText":"14","positionOrder":"14","points":"0","laps":"19","time":"+49.733","milliseconds":"1940582","fastestLap":"17","fastestLapTime":"1:40.632","statusId":"1"},{"resultId":"215","raceId":"1116","driverId":"807","constructorId":"210","number":"27","grid":"16","position":"15","positionText":"15","positionOrder":"15","points":"0","laps":"19","time":"+56.650","milliseconds":"1947499","fastestLap":"18","fastestLapTime":"1:41.232","statusId":"1"},{"resultId":"216","raceId":"1116","driverId":"822","constructorId":"51","number":"77","grid":"18","position":"16","positionText":"16","positionOrder":"16","points":"0","laps":"19","time":"+1:04.401","milliseconds":"1955250","fastestLap":"18","fastestLapTime":"1:41.503","statusId":"1"},{"resultId":"217","raceId":"1116","driverId":"855","constructorId":"51","number":"24","grid":"15","position":"17","positionText":"17","positionOrder":"17","points":"0","laps":"19","time":"+1:07.972","milliseconds":"1958821","fastestLap":"18","fastestLapTime":"1:41.595","statusId":"1"},{"resultId":"218","raceId":"1116","driverId":"825","constructorId":"210","number":"20","grid":"17","position":"18","positionText":"18","positionOrder":"18","points":"0","laps":"19","time":"+1:11.122","milliseconds":"1961971","fastestLap":"3","fastestLapTime":"1:41.699","statusId":"1"},{"resultId":"219","raceId":"1116","driverId":"858","constructorId":"3","number":"2","grid":"20","position":"19","positionText":"19","positionOrder":"19","points":"0","laps":"19","time":"+1:11.449","milliseconds":"1962298","fastestLap":"6","fastestLapTime":"1:41.947","statusId":"1"},{"resultId":"220","raceId":"1116","driverId":"840","constructorId":"117","number":"18","grid":"14","position":"\\N","positionText":"R","positionOrder":"20","points":"0","laps":"16","time":"\\N","milliseconds":"\\N","fastestLap":"5","fastestLapTime":"1:41.460","statusId":"23"},{"resultId":"221","raceId":"1118","driverId":"830","constructorId":"9","number":"1","grid":"2","position":"1","positionText":"1","positionOrder":"1","points":"8","laps":"24","time":"30:07.209","milliseconds":"1807209","fastestLap":"3","fastestLapTime":"1:14.540","statusId":"1"},{"resultId":"222","raceId":"1118","driverId":"846","constructorId":"1","number":"4","grid":"1","position":"2","positionText":"2","positionOrder":"2","points":"7","laps":"24","time":"+4.287","milliseconds":"1811496","fastestLap":"3","fastestLapTime":"1:14.647","statusId":"1"},{"resultId":"223","raceId":"1118","driverId":"815","constructorId":"9","number":"11","grid":"3","position":"3","positionText":"3","positionOrder":"3","points":"6","laps":"24","time":"+13.617","milliseconds":"1820826","fastestLap":"2","fastestLapTime":"1:15.008","statusId":"1"},{"resultId":"224","raceId":"1118","driverId":"847","constructorId":"131","number":"63","grid":"4","position":"4","positionText":"4","positionOrder":"4","points":"5","laps":"24","time":"+25.879","milliseconds":"1833088","fastestLap":"2","fastestLapTime":"1:14.422","statusId":"1"},{"resultId":"225","raceId":"1118","driverId":"844","constructorId":"6","number":"16","grid":"7","position":"5","positionText":"5","positionOrder":"5","points":"4","laps":"24","time":"+28.560","milliseconds":"1835769","fastestLap":"3","fastestLapTime":"1:15.411","statusId":"1"},{"resultId":"226","raceId":"1118","driverId":"852","constructorId":"213","number":"22","grid":"6","position":"6","positionText":"6","positionOrder":"6","points":"3","laps":"24","time":"+29.210","milliseconds":"1836419","fastestLap":"2","fastestLapTime":"1:15.532","statusId":"1"},{"resultId":"227","raceId":"1118","driverId":"1","constructorId":"131","number":"44","grid":"5","position":"7","positionText":"7","positionOrder":"7","points":"2","laps":"24","time":"+34.726","milliseconds":"1841935","fastestLap":"2","fastestLapTime":"1:15.276","statusId":"1"},{"resultId":"228","raceId":"1118","driverId":"832","constructorId":"6","number":"55","grid":"9","position":"8","positionText":"8","positionOrder":"8","points":"1","laps":"24","time":"+35.106","milliseconds":"1842315","fastestLap":"3","fastestLapTime":"1:15.362","statusId":"1"},{"resultId":"229","raceId":"1118","driverId":"817","constructorId":"213","number":"3","grid":"8","position":"9","positionText":"9","positionOrder":"9","points":"0","laps":"24","time":"+35.303","milliseconds":"1842512","fastestLap":"2","fastestLapTime":"1:15.460","statusId":"1"},{"resultId":"230","raceId":"1118","driverId":"857","constructorId":"1","number":"81","grid":"10","position":"10","positionText":"10","positionOrder":"10","points":"0","laps":"24","time":"+38.219","milliseconds":"1845428","fastestLap":"2","fastestLapTime":"1:15.463","statusId":"1"},{"resultId":"231","raceId":"1118","driverId":"4","constructorId":"117","number":"14","grid":"15","position":"11","positionText":"11","positionOrder":"11","points":"0","laps":"24","time":"+39.061","milliseconds":"1846270","fastestLap":"4","fastestLapTime":"1:15.477","statusId":"1"},{"resultId":"232","raceId":"1118","driverId":"840","constructorId":"117","number":"18","grid":"17","position":"12","positionText":"12","positionOrder":"12","points":"0","laps":"24","time":"+39.478","milliseconds":"1846687","fastestLap":"3","fastestLapTime":"1:15.467","statusId":"1"},{"resultId":"233","raceId":"1118","driverId":"842","constructorId":"214","number":"10","grid":"13","position":"13","positionText":"13","positionOrder":"13","points":"0","laps":"24","time":"+40.621","milliseconds":"1847830","fastestLap":"3","fastestLapTime":"1:15.209","statusId":"1"},{"resultId":"234","raceId":"1118","driverId":"839","constructorId":"214","number":"31","grid":"16","position":"14","positionText":"14","positionOrder":"14","points":"0","laps":"24","time":"+42.848","milliseconds":"1850057","fastestLap":"3","fastestLapTime":"1:15.536","statusId":"1"},{"resultId":"235","raceId":"1118","driverId":"848","constructorId":"3","number":"23","grid":"19","position":"15","positionText":"15","positionOrder":"15","points":"0","laps":"24","time":"+43.394","milliseconds":"1850603","fastestLap":"3","fastestLapTime":"1:15.598","statusId":"1"},{"resultId":"236","raceId":"1118","driverId":"825","constructorId":"210","number":"20","grid":"11","position":"16","positionText":"16","positionOrder":"16","points":"0","laps":"24","time":"+56.507","milliseconds":"1863716","fastestLap":"3","fastestLapTime":"1:15.464","statusId":"1"},{"resultId":"237","raceId":"1118","driverId":"855","constructorId":"51","number":"24","grid":"18","position":"17","positionText":"17","positionOrder":"17","points":"0","laps":"24","time":"+58.723","milliseconds":"1865932","fastestLap":"3","fastestLapTime":"1:15.837","statusId":"1"},{"resultId":"238","raceId":"1118","driverId":"807","constructorId":"210","number":"27","grid":"12","position":"18","positionText":"18","positionOrder":"18","points":"0","laps":"24","time":"+1:00.330","milliseconds":"1867539","fastestLap":"3","fastestLapTime":"1:15.472","statusId":"1"},{"resultId":"239","raceId":"1118","driverId":"822","constructorId":"51","number":"77","grid":"14","position":"19","positionText":"19","positionOrder":"19","points":"0","laps":"24","time":"+1:00.749","milliseconds":"1867958","fastestLap":"3","fastestLapTime":"1:15.738","statusId":"1"},{"resultId":"240","raceId":"1118","driverId":"858","constructorId":"3","number":"2","grid":"20","position":"20","positionText":"20","positionOrder":"20","points":"0","laps":"24","time":"+1:00.945","milliseconds":"1868154","fastestLap":"4","fastestLapTime":"1:15.496","statusId":"1"},{"resultId":"241","raceId":"1125","driverId":"830","constructorId":"9","number":"1","grid":"4","position":"1","positionText":"1","positionOrder":"1","points":"8","laps":"19","time":"32:04.660","milliseconds":"1924660","fastestLap":"3","fastestLapTime":"1:40.331","statusId":"1"},{"resultId":"242","raceId":"1125","driverId":"1","constructorId":"131","number":"44","grid":"2","position":"2","positionText":"2","positionOrder":"2","points":"7","laps":"19","time":"+13.043","milliseconds":"1937703","fastestLap":"3","fastestLapTime":"1:40.420","statusId":"1"},{"resultId":"243","raceId":"1125","driverId":"815","constructorId":"9","number":"11","grid":"6","position":"3","positionText":"3","positionOrder":"3","points":"6","laps":"19","time":"+15.258","milliseconds":"1939918","fastestLap":"4","fastestLapTime":"1:41.065","statusId":"1"},{"resultId":"244","raceId":"1125","driverId":"844","constructorId":"6","number":"16","grid":"7","position":"4","positionText":"4","positionOrder":"4","points":"5","laps":"19","time":"+17.486","milliseconds":"1942146","fastestLap":"4","fastestLapTime":"1:41.003","statusId":"1"},{"resultId":"245","raceId":"1125","driverId":"832","constructorId":"6","number":"55","grid":"5","position":"5","positionText":"5","positionOrder":"5","points":"4","laps":"19","time":"+20.696","milliseconds":"1945356","fastestLap":"4","fastestLapTime":"1:40.962","statusId":"1"},{"resultId":"246","raceId":"1125","driverId":"846","constructorId":"1","number":"4","grid":"1","position":"6","positionText":"6","positionOrder":"6","points":"3","laps":"19","time":"+22.088","milliseconds":"1946748","fastestLap":"4","fastestLapTime":"1:40.951","statusId":"1"},{"resultId":"247","raceId":"1125","driverId":"857","constructorId":"1","number":"81","grid":"8","position":"7","positionText":"7","positionOrder":"7","points":"2","laps":"19","time":"+24.713","milliseconds":"1949373","fastestLap":"3","fastestLapTime":"1:41.107","statusId":"1"},{"resultId":"248","raceId":"1125","driverId":"847","constructorId":"131","number":"63","grid":"11","position":"8","positionText":"8","positionOrder":"8","points":"1","laps":"19","time":"+25.696","milliseconds":"1950356","fastestLap":"5","fastestLapTime":"1:41.505","statusId":"1"},{"resultId":"249","raceId":"1125","driverId":"855","constructorId":"15","number":"24","grid":"10","position":"9","positionText":"9","positionOrder":"9","points":"0","laps":"19","time":"+31.951","milliseconds":"1956611","fastestLap":"4","fastestLapTime":"1:41.502","statusId":"1"},{"resultId":"250","raceId":"1125","driverId":"825","constructorId":"210","number":"20","grid":"12","position":"10","positionText":"10","positionOrder":"10","points":"0","laps":"19","time":"+37.398","milliseconds":"1962058","fastestLap":"5","fastestLapTime":"1:42.092","statusId":"1"},{"resultId":"251","raceId":"1125","driverId":"817","constructorId":"215","number":"3","grid":"14","position":"11","positionText":"11","positionOrder":"11","points":"0","laps":"19","time":"+37.840","milliseconds":"1962500","fastestLap":"6","fastestLapTime":"1:42.234","statusId":"1"},{"resultId":"252","raceId":"1125","driverId":"822","constructorId":"15","number":"77","grid":"9","position":"12","positionText":"12","positionOrder":"12","points":"0","laps":"19","time":"+38.295","milliseconds":"1962955","fastestLap":"6","fastestLapTime":"1:42.140","statusId":"1"},{"resultId":"253","raceId":"1125","driverId":"839","constructorId":"214","number":"31","grid":"17","position":"13","positionText":"13","positionOrder":"13","points":"0","laps":"19","time":"+39.841","milliseconds":"1964501","fastestLap":"4","fastestLapTime":"1:42.191","statusId":"1"},{"resultId":"254","raceId":"1125","driverId":"840","constructorId":"117","number":"18","grid":"15","position":"14","positionText":"14","positionOrder":"14","points":"0","laps":"19","time":"+40.299","milliseconds":"1964959","fastestLap":"5","fastestLapTime":"1:42.258","statusId":"1"},{"resultId":"255","raceId":"1125","driverId":"842","constructorId":"214","number":"10","grid":"16","position":"15","positionText":"15","positionOrder":"15","points":"0","laps":"19","time":"+40.838","milliseconds":"1965498","fastestLap":"4","fastestLapTime":"1:42.017","statusId":"1"},{"resultId":"256","raceId":"1125","driverId":"852","constructorId":"215","number":"22","grid":"19","position":"16","positionText":"16","positionOrder":"16","points":"0","laps":"19","time":"+41.870","milliseconds":"1966530","fastestLap":"4","fastestLapTime":"1:42.056","statusId":"1"},{"resultId":"257","raceId":"1125","driverId":"848","constructorId":"3","number":"23","grid":"18","position":"17","positionText":"17","positionOrder":"17","points":"0","laps":"19","time":"+42.998","milliseconds":"1967658","fastestLap":"8","fastestLapTime":"1:42.389","statusId":"1"},{"resultId":"258","raceId":"1125","driverId":"858","constructorId":"3","number":"2","grid":"20","position":"18","positionText":"18","positionOrder":"18","points":"0","laps":"19","time":"+46.352","milliseconds":"1971012","fastestLap":"7","fastestLapTime":"1:42.516","statusId":"1"},{"resultId":"259","raceId":"1125","driverId":"807","constructorId":"210","number":"27","grid":"13","position":"19","positionText":"19","positionOrder":"19","points":"0","laps":"19","time":"+49.630","milliseconds":"1974290","fastestLap":"5","fastestLapTime":"1:42.315","statusId":"1"},{"resultId":"260","raceId":"1125","driverId":"4","constructorId":"117","number":"14","grid":"3","position":"20","positionText":"20","positionOrder":"20","points":"0","laps":"17","time":"\\N","milliseconds":"\\N","fastestLap":"3","fastestLapTime":"1:40.537","statusId":"31"},{"resultId":"261","raceId":"1126","driverId":"830","constructorId":"9","number":"1","grid":"1","position":"1","positionText":"1","positionOrder":"1","points":"8","laps":"19","time":"31:31.383","milliseconds":"1891383","fastestLap":"4","fastestLapTime":"1:30.415","statusId":"1"},{"resultId":"262","raceId":"1126","driverId":"844","constructorId":"6","number":"16","grid":"2","position":"2","positionText":"2","positionOrder":"2","points":"7","laps":"19","time":"+3.371","milliseconds":"1894754","fastestLap":"4","fastestLapTime":"1:30.807","statusId":"1"},{"resultId":"263","raceId":"1126","driverId":"815","constructorId":"9","number":"11","grid":"3","position":"3","positionText":"3","positionOrder":"3","points":"6","laps":"19","time":"+5.095","milliseconds":"1896478","fastestLap":"19","fastestLapTime":"1:30.921","statusId":"1"},{"resultId":"264","raceId":"1126","driverId":"817","constructorId":"215","number":"3","grid":"4","position":"4","positionText":"4","positionOrder":"4","points":"5","laps":"19","time":"+14.971","milliseconds":"1906354","fastestLap":"4","fastestLapTime":"1:31.505","statusId":"1"},{"resultId":"265","raceId":"1126","driverId":"832","constructorId":"6","number":"55","grid":"5","position":"5","positionText":"5","positionOrder":"5","points":"4","laps":"19","time":"+15.222","milliseconds":"1906605","fastestLap":"17","fastestLapTime":"1:31.568","statusId":"1"},{"resultId":"266","raceId":"1126","driverId":"857","constructorId":"1","number":"81","grid":"6","position":"6","positionText":"6","positionOrder":"6","points":"3","laps":"19","time":"+15.750","milliseconds":"1907133","fastestLap":"19","fastestLapTime":"1:31.393","statusId":"1"},{"resultId":"267","raceId":"1126","driverId":"807","constructorId":"210","number":"27","grid":"10","position":"7","positionText":"7","positionOrder":"7","points":"2","laps":"19","time":"+22.054","milliseconds":"1913437","fastestLap":"8","fastestLapTime":"1:31.963","statusId":"1"},{"resultId":"268","raceId":"1126","driverId":"852","constructorId":"215","number":"22","grid":"15","position":"8","positionText":"8","positionOrder":"8","points":"1","laps":"19","time":"+29.816","milliseconds":"1921199","fastestLap":"16","fastestLapTime":"1:31.844","statusId":"1"},{"resultId":"269","raceId":"1126","driverId":"842","constructorId":"214","number":"10","grid":"16","position":"9","positionText":"9","positionOrder":"9","points":"0","laps":"19","time":"+31.880","milliseconds":"1923263","fastestLap":"6","fastestLapTime":"1:32.148","statusId":"1"},{"resultId":"270","raceId":"1126","driverId":"858","constructorId":"3","number":"2","grid":"18","position":"10","positionText":"10","positionOrder":"10","points":"0","laps":"19","time":"+34.355","milliseconds":"1925738","fastestLap":"6","fastestLapTime":"1:32.192","statusId":"1"},{"resultId":"271","raceId":"1126","driverId":"855","constructorId":"15","number":"24","grid":"17","position":"11","positionText":"11","positionOrder":"11","points":"0","laps":"19","time":"+35.078","milliseconds":"1926461","fastestLap":"7","fastestLapTime":"1:32.131","statusId":"1"},{"resultId":"272","raceId":"1126","driverId":"847","constructorId":"131","number":"63","grid":"11","position":"12","positionText":"12","positionOrder":"12","points":"0","laps":"19","time":"+35.755","milliseconds":"1927138","fastestLap":"8","fastestLapTime":"1:32.173","statusId":"1"},{"resultId":"273","raceId":"1126","driverId":"848","constructorId":"3","number":"23","grid":"20","position":"13","positionText":"13","positionOrder":"13","points":"0","laps":"19","time":"+36.086","milliseconds":"1927469","fastestLap":"6","fastestLapTime":"1:32.223","statusId":"1"},{"resultId":"274","raceId":"1126","driverId":"822","constructorId":"15","number":"77","grid":"19","position":"14","positionText":"14","positionOrder":"14","points":"0","laps":"19","time":"+36.892","milliseconds":"1928275","fastestLap":"7","fastestLapTime":"1:32.462","statusId":"1"},{"resultId":"275","raceId":"1126","driverId":"839","constructorId":"214","number":"31","grid":"13","position":"15","positionText":"15","positionOrder":"15","points":"0","laps":"19","time":"+37.740","milliseconds":"1929123","fastestLap":"19","fastestLapTime":"1:32.218","statusId":"1"},{"resultId":"276","raceId":"1126","driverId":"1","constructorId":"131","number":"44","grid":"12","position":"16","positionText":"16","positionOrder":"16","points":"0","laps":"19","time":"+49.347","milliseconds":"1940730","fastestLap":"16","fastestLapTime":"1:31.830","statusId":"1"},{"resultId":"277","raceId":"1126","driverId":"4","constructorId":"117","number":"14","grid":"8","position":"17","positionText":"17","positionOrder":"17","points":"0","laps":"19","time":"+59.409","milliseconds":"1950792","fastestLap":"7","fastestLapTime":"1:32.355","statusId":"1"},{"resultId":"278","raceId":"1126","driverId":"825","constructorId":"210","number":"20","grid":"14","position":"18","positionText":"18","positionOrder":"18","points":"0","laps":"19","time":"+1:06.303","milliseconds":"1957686","fastestLap":"5","fastestLapTime":"1:32.113","statusId":"1"},{"resultId":"279","raceId":"1126","driverId":"840","constructorId":"117","number":"18","grid":"7","position":"19","positionText":"19","positionOrder":"19","points":"0","laps":"1","time":"\\N","milliseconds":"\\N","fastestLap":"\\N","fastestLapTime":"\\N","statusId":"31"},{"resultId":"280","raceId":"1126","driverId":"846","constructorId":"1","number":"4","grid":"9","position":"20","positionText":"20","positionOrder":"20","points":"0","laps":"0","time":"\\N","milliseconds":"\\N","fastestLap":"\\N","fastestLapTime":"\\N","statusId":"31"},{"resultId":"281","raceId":"1131","driverId":"830","constructorId":"9","number":"1","grid":"1","position":"1","positionText":"1","positionOrder":"1","points":"8","laps":"23","time":"26:41.389","milliseconds":"1601389","fastestLap":"8","fastestLapTime":"1:09.013","statusId":"1"},{"resultId":"282","raceId":"1131","driverId":"857","constructorId":"1","number":"81","grid":"3","position":"2","positionText":"2","positionOrder":"2","points":"7","laps":"23","time":"+4.616","milliseconds":"1606005","fastestLap":"2","fastestLapTime":"1:08.980","statusId":"1"},{"resultId":"283","raceId":"1131","driverId":"846","constructorId":"1","number":"4","grid":"2","position":"3","positionText":"3","positionOrder":"3","points":"6","laps":"23","time":"+5.348","milliseconds":"1606737","fastestLap":"2","fastestLapTime":"1:08.935","statusId":"1"},{"resultId":"284","raceId":"1131","driverId":"847","constructorId":"131","number":"63","grid":"4","position":"4","positionText":"4","positionOrder":"4","points":"5","laps":"23","time":"+8.354","milliseconds":"1609743","fastestLap":"4","fastestLapTime":"1:09.194","statusId":"1"},{"resultId":"285","raceId":"1131","driverId":"832","constructorId":"6","number":"55","grid":"5","position":"5","positionText":"5","positionOrder":"5","points":"4","laps":"23","time":"+9.989","milliseconds":"1611378","fastestLap":"4","fastestLapTime":"1:09.121","statusId":"1"},{"resultId":"286","raceId":"1131","driverId":"1","constructorId":"131","number":"44","grid":"6","position":"6","positionText":"6","positionOrder":"6","points":"3","laps":"23","time":"+11.207","milliseconds":"1612596","fastestLap":"5","fastestLapTime":"1:09.265","statusId":"1"},{"resultId":"287","raceId":"1131","driverId":"844","constructorId":"6","number":"16","grid":"10","position":"7","positionText":"7","positionOrder":"7","points":"2","laps":"23","time":"+13.424","milliseconds":"1614813","fastestLap":"5","fastestLapTime":"1:09.352","statusId":"1"},{"resultId":"288","raceId":"1131","driverId":"815","constructorId":"9","number":"11","grid":"7","position":"8","positionText":"8","positionOrder":"8","points":"1","laps":"23","time":"+17.409","milliseconds":"1618798","fastestLap":"4","fastestLapTime":"1:09.420","statusId":"1"},{"resultId":"289","raceId":"1131","driverId":"825","constructorId":"210","number":"20","grid":"11","position":"9","positionText":"9","positionOrder":"9","points":"0","laps":"23","time":"+24.067","milliseconds":"1625456","fastestLap":"13","fastestLapTime":"1:09.942","statusId":"1"},{"resultId":"290","raceId":"1131","driverId":"840","constructorId":"117","number":"18","grid":"12","position":"10","positionText":"10","positionOrder":"10","points":"0","laps":"23","time":"+30.175","milliseconds":"1631564","fastestLap":"11","fastestLapTime":"1:10.260","statusId":"1"},{"resultId":"291","raceId":"1131","driverId":"839","constructorId":"214","number":"31","grid":"8","position":"11","positionText":"11","positionOrder":"11","points":"0","laps":"23","time":"+30.839","milliseconds":"1632228","fastestLap":"9","fastestLapTime":"1:10.254","statusId":"1"},{"resultId":"292","raceId":"1131","driverId":"842","constructorId":"214","number":"10","grid":"9","position":"12","positionText":"12","positionOrder":"12","points":"0","laps":"23","time":"+31.308","milliseconds":"1632697","fastestLap":"10","fastestLapTime":"1:10.168","statusId":"1"},{"resultId":"293","raceId":"1131","driverId":"852","constructorId":"215","number":"22","grid":"14","position":"13","positionText":"13","positionOrder":"13","points":"0","laps":"23","time":"+35.452","milliseconds":"1636841","fastestLap":"5","fastestLapTime":"1:10.363","statusId":"1"},{"resultId":"294","raceId":"1131","driverId":"817","constructorId":"215","number":"3","grid":"16","position":"14","positionText":"14","positionOrder":"14","points":"0","laps":"23","time":"+39.397","milliseconds":"1640786","fastestLap":"5","fastestLapTime":"1:10.480","statusId":"1"},{"resultId":"295","raceId":"1131","driverId":"4","constructorId":"117","number":"14","grid":"13","position":"15","positionText":"15","positionOrder":"15","points":"0","laps":"23","time":"+43.155","milliseconds":"1644544","fastestLap":"5","fastestLapTime":"1:10.393","statusId":"1"},{"resultId":"296","raceId":"1131","driverId":"858","constructorId":"3","number":"2","grid":"15","position":"16","positionText":"16","positionOrder":"16","points":"0","laps":"23","time":"+44.076","milliseconds":"1645465","fastestLap":"6","fastestLapTime":"1:10.488","statusId":"1"},{"resultId":"297","raceId":"1131","driverId":"848","constructorId":"3","number":"23","grid":"0","position":"17","positionText":"17","positionOrder":"17","points":"0","laps":"23","time":"+44.673","milliseconds":"1646062","fastestLap":"8","fastestLapTime":"1:10.562","statusId":"1"},{"resultId":"298","raceId":"1131","driverId":"822","constructorId":"15","number":"77","grid":"18","position":"18","positionText":"18","positionOrder":"18","points":"0","laps":"23","time":"+46.511","milliseconds":"1647900","fastestLap":"8","fastestLapTime":"1:10.590","statusId":"1"},{"resultId":"299","raceId":"1131","driverId":"807","constructorId":"210","number":"27","grid":"17","position":"19","positionText":"19","positionOrder":"19","points":"0","laps":"23","time":"+48.423","milliseconds":"1649812","fastestLap":"4","fastestLapTime":"1:10.512","statusId":"1"},{"resultId":"300","raceId":"1131","driverId":"855","constructorId":"15","number":"24","grid":"19","position":"20","positionText":"20","positionOrder":"20","points":"0","laps":"23","time":"+53.143","milliseconds":"1654532","fastestLap":"6","fastestLapTime":"1:10.613","statusId":"1"}]