[{"statusId":"1","status":"Finished"},{"statusId":"2","status":"Disqualified"},{"statusId":"3","status":"Accident"},{"statusId":"4","status":"Collision"},{"statusId":"5","status":"Engine"},{"statusId":"6","status":"Gearbox"},{"statusId":"7","status":"Transmission"},{"statusId":"8","status":"Clutch"},{"statusId":"9","status":"Hydraulics"},{"statusId":"10","status":"Electrical"},{"statusId":"11","status":"+1 Lap"},{"statusId":"12","status":"+2 Laps"},{"statusId":"13","status":"+3 Laps"},{"statusId":"14","status":"+4 Laps"},{"statusId":"15","status":"+5 Laps"},{"statusId":"16","status":"+6 Laps"},{"statusId":"17","status":"+7 Laps"},{"statusId":"18","status":"+8 Laps"},{"statusId":"19","status":"+9 Laps"},{"statusId":"20","status":"Spun off"},{"statusId":"21","status":"Radiator"},{"statusId":"22","status":"Suspension"},{"statusId":"23","status":"Brakes"},{"statusId":"24","status":"Differential"},{"statusId":"25","status":"Overheating"},{"statusId":"26","status":"Mechanical"},{"statusId":"27","status":"Tyre"},{"statusId":"28","status":"Driver Seat"},{"statusId":"29","status":"Puncture"},{"statusId":"30","status":"Driveshaft"},{"statusId":"31","status":"Retired"},{"statusId":"32","status":"Fuel pressure"},{"statusId":"33","status":"Front wing"},{"statusId":"34","status":"Water pressure"},{"statusId":"35","status":"Refuelling"},{"statusId":"36","status":"Wheel"},{"statusId":"37","status":"Throttle"},{"statusId":"38","status":"Steering"},{"statusId":"39","status":"Technical"},{"statusId":"40","status":"Electronics"},{"statusId":"41","status":"Broken wing"},{"statusId":"42","status":"Heat shield fire"},{"statusId":"43","status":"Exhaust"},{"statusId":"44","status":"Oil leak"},{"statusId":"45","status":"+11 Laps"},{"statusId":"46","status":"Wheel rim"},{"statusId":"47","status":"Water leak"},{"statusId":"48","status":"Fuel pump"},{"statusId":"49","status":"Track rod"},{"statusId":"50","status":"+17 Laps"},{"statusId":"51","status":"Oil pressure"},{"statusId":"128","status":"+42 Laps"},{"statusId":"53","status":"+13 Laps"},{"statusId":"54","status":"Withdrew"},{"statusId":"55","status":"+12 Laps"},{"statusId":"56","status":"Engine fire"},{"statusId":"129","status":"Engine misfire"},{"statusId":"58","status":"+26 Laps"},{"statusId":"59","status":"Tyre puncture"},{"statusId":"60","status":"Out of fuel"},{"statusId":"61","status":"Wheel nut"},{"statusId":"62","status":"Not classified"},{"statusId":"63","status":"Pneumatics"},{"statusId":"64","status":"Handling"},{"statusId":"65","status":"Rear wing"},{"statusId":"66","status":"Fire"},{"statusId":"67","status":"Wheel bearing"},{"statusId":"68","status":"Physical"},{"statusId":"69","status":"Fuel system"},{"statusId":"70","status":"Oil line"},{"statusId":"71","status":"Fuel rig"},{"statusId":"72","status":"Launch control"},{"statusId":"73","status":"Injured"},{"statusId":"74","status":"Fuel"},{"statusId":"75","status":"Power loss"},{"statusId":"76","status":"Vibrations"},{"statusId":"77","status":"107% Rule"},{"statusId":"78","status":"Safety"},{"statusId":"79","status":"Drivetrain"},{"statusId":"80","status":"Ignition"},{"statusId":"81","status":"Did not qualify"},{"statusId":"82","status":"Injury"},{"statusId":"83","status":"Chassis"},{"statusId":"84","status":"Battery"},{"statusId":"85","status":"Stalled"},{"statusId":"86","status":"Halfshaft"},{"statusId":"87","status":"Crankshaft"},{"statusId":"88","status":"+10 Laps"},{"statusId":"89","status":"Safety concerns"},{"statusId":"90","status":"Not restarted"},{"statusId":"91","status":"Alternator"},{"statusId":"92","status":"Underweight"},{"statusId":"93","status":"Safety belt"},{"statusId":"94","status":"Oil pump"},{"statusId":"95","status":"Fuel leak"},{"statusId":"96","status":"Excluded"},{"statusId":"97","status":"Did not prequalify"},{"statusId":"98","status":"Injection"},{"statusId":"99","status":"Distributor"},{"statusId":"100","status":"Driver unwell"},{"statusId":"101","status":"Turbo"},{"statusId":"102","status":"CV joint"},{"statusId":"103","status":"Water pump"},{"statusId":"104","status":"Fatal accident"},{"statusId":"105","status":"Spark plugs"},{"statusId":"106","status":"Fuel pipe"},{"statusId":"107","status":"Eye injury"},{"statusId":"108","status":"Oil pipe"},{"statusId":"109","status":"Axle"},{"statusId":"110","status":"Water pipe"},{"statusId":"111","status":"+14 Laps"},{"statusId":"112","status":"+15 Laps"},{"statusId":"113","status":"+25 Laps"},{"statusId":"114","status":"+18 Laps"},{"statusId":"115","status":"+22 Laps"},{"statusId":"116","status":"+16 Laps"},{"statusId":"117","status":"+24 Laps"},{"statusId":"118","status":"+29 Laps"},{"statusId":"119","status":"+23 Laps"},{"statusId":"120","status":"+21 Laps"},{"statusId":"121","status":"Magneto"},{"statusId":"122","status":"+44 Laps"},{"statusId":"123","status":"+30 Laps"},{"statusId":"124","status":"+19 Laps"},{"statusId":"125","status":"+46 Laps"},{"statusId":"126","status":"Supercharger"},{"statusId":"127","status":"+20 Laps"},{"statusId":"130","status":"Collision damage"},{"statusId":"131","status":"Power Unit"},{"statusId":"132","status":"ERS"},{"statusId":"133","status":"+49 Laps"},{"statusId":"134","status":"+38 Laps"},{"statusId":"135","status":"Brake duct"},{"statusId":"136","status":"Seat"},{"statusId":"137","status":"Damage"},{"statusId":"138","status":"Debris"},{"statusId":"139","status":"Illness"},{"statusId":"140","status":"Undertray"},{"statusId":"141","status":"Cooling system"}]